rgn_id,stock,year,score
3,spr_2232,1974,1.265384615
4,spr_2232,1974,1.265384615
5,spr_2232,1974,1.265384615
6,spr_2232,1974,1.265384615
7,spr_2232,1974,1.265384615
8,spr_2232,1974,1.265384615
9,spr_2232,1974,1.265384615
10,spr_2232,1974,1.265384615
11,spr_2232,1974,1.265384615
12,spr_2232,1974,1.265384615
13,spr_2232,1974,1.265384615
14,spr_2232,1974,1.265384615
15,spr_2232,1974,1.265384615
16,spr_2232,1974,1.265384615
17,spr_2232,1974,1.265384615
18,spr_2232,1974,1.265384615
19,spr_2232,1974,1.265384615
20,spr_2232,1974,1.265384615
21,spr_2232,1974,1.265384615
22,spr_2232,1974,1.265384615
23,spr_2232,1974,1.265384615
24,spr_2232,1974,1.265384615
25,spr_2232,1974,1.265384615
26,spr_2232,1974,1.265384615
27,spr_2232,1974,1.265384615
28,spr_2232,1974,1.265384615
29,spr_2232,1974,1.265384615
30,spr_2232,1974,1.265384615
31,spr_2232,1974,1.265384615
32,spr_2232,1974,1.265384615
33,spr_2232,1974,1.265384615
34,spr_2232,1974,1.265384615
35,spr_2232,1974,1.265384615
36,spr_2232,1974,1.265384615
37,spr_2232,1974,1.265384615
38,spr_2232,1974,1.265384615
39,spr_2232,1974,1.265384615
40,spr_2232,1974,1.265384615
41,spr_2232,1974,1.265384615
42,spr_2232,1974,1.265384615
3,spr_2232,1975,1.330769231
4,spr_2232,1975,1.330769231
5,spr_2232,1975,1.330769231
6,spr_2232,1975,1.330769231
7,spr_2232,1975,1.330769231
8,spr_2232,1975,1.330769231
9,spr_2232,1975,1.330769231
10,spr_2232,1975,1.330769231
11,spr_2232,1975,1.330769231
12,spr_2232,1975,1.330769231
13,spr_2232,1975,1.330769231
14,spr_2232,1975,1.330769231
15,spr_2232,1975,1.330769231
16,spr_2232,1975,1.330769231
17,spr_2232,1975,1.330769231
18,spr_2232,1975,1.330769231
19,spr_2232,1975,1.330769231
20,spr_2232,1975,1.330769231
21,spr_2232,1975,1.330769231
22,spr_2232,1975,1.330769231
23,spr_2232,1975,1.330769231
24,spr_2232,1975,1.330769231
25,spr_2232,1975,1.330769231
26,spr_2232,1975,1.330769231
27,spr_2232,1975,1.330769231
28,spr_2232,1975,1.330769231
29,spr_2232,1975,1.330769231
30,spr_2232,1975,1.330769231
31,spr_2232,1975,1.330769231
32,spr_2232,1975,1.330769231
33,spr_2232,1975,1.330769231
34,spr_2232,1975,1.330769231
35,spr_2232,1975,1.330769231
36,spr_2232,1975,1.330769231
37,spr_2232,1975,1.330769231
38,spr_2232,1975,1.330769231
39,spr_2232,1975,1.330769231
40,spr_2232,1975,1.330769231
41,spr_2232,1975,1.330769231
42,spr_2232,1975,1.330769231
3,spr_2232,1976,1.238461538
4,spr_2232,1976,1.238461538
5,spr_2232,1976,1.238461538
6,spr_2232,1976,1.238461538
7,spr_2232,1976,1.238461538
8,spr_2232,1976,1.238461538
9,spr_2232,1976,1.238461538
10,spr_2232,1976,1.238461538
11,spr_2232,1976,1.238461538
12,spr_2232,1976,1.238461538
13,spr_2232,1976,1.238461538
14,spr_2232,1976,1.238461538
15,spr_2232,1976,1.238461538
16,spr_2232,1976,1.238461538
17,spr_2232,1976,1.238461538
18,spr_2232,1976,1.238461538
19,spr_2232,1976,1.238461538
20,spr_2232,1976,1.238461538
21,spr_2232,1976,1.238461538
22,spr_2232,1976,1.238461538
23,spr_2232,1976,1.238461538
24,spr_2232,1976,1.238461538
25,spr_2232,1976,1.238461538
26,spr_2232,1976,1.238461538
27,spr_2232,1976,1.238461538
28,spr_2232,1976,1.238461538
29,spr_2232,1976,1.238461538
30,spr_2232,1976,1.238461538
31,spr_2232,1976,1.238461538
32,spr_2232,1976,1.238461538
33,spr_2232,1976,1.238461538
34,spr_2232,1976,1.238461538
35,spr_2232,1976,1.238461538
36,spr_2232,1976,1.238461538
37,spr_2232,1976,1.238461538
38,spr_2232,1976,1.238461538
39,spr_2232,1976,1.238461538
40,spr_2232,1976,1.238461538
41,spr_2232,1976,1.238461538
42,spr_2232,1976,1.238461538
3,spr_2232,1977,1.069230769
4,spr_2232,1977,1.069230769
5,spr_2232,1977,1.069230769
6,spr_2232,1977,1.069230769
7,spr_2232,1977,1.069230769
8,spr_2232,1977,1.069230769
9,spr_2232,1977,1.069230769
10,spr_2232,1977,1.069230769
11,spr_2232,1977,1.069230769
12,spr_2232,1977,1.069230769
13,spr_2232,1977,1.069230769
14,spr_2232,1977,1.069230769
15,spr_2232,1977,1.069230769
16,spr_2232,1977,1.069230769
17,spr_2232,1977,1.069230769
18,spr_2232,1977,1.069230769
19,spr_2232,1977,1.069230769
20,spr_2232,1977,1.069230769
21,spr_2232,1977,1.069230769
22,spr_2232,1977,1.069230769
23,spr_2232,1977,1.069230769
24,spr_2232,1977,1.069230769
25,spr_2232,1977,1.069230769
26,spr_2232,1977,1.069230769
27,spr_2232,1977,1.069230769
28,spr_2232,1977,1.069230769
29,spr_2232,1977,1.069230769
30,spr_2232,1977,1.069230769
31,spr_2232,1977,1.069230769
32,spr_2232,1977,1.069230769
33,spr_2232,1977,1.069230769
34,spr_2232,1977,1.069230769
35,spr_2232,1977,1.069230769
36,spr_2232,1977,1.069230769
37,spr_2232,1977,1.069230769
38,spr_2232,1977,1.069230769
39,spr_2232,1977,1.069230769
40,spr_2232,1977,1.069230769
41,spr_2232,1977,1.069230769
42,spr_2232,1977,1.069230769
3,spr_2232,1978,1.05
4,spr_2232,1978,1.05
5,spr_2232,1978,1.05
6,spr_2232,1978,1.05
7,spr_2232,1978,1.05
8,spr_2232,1978,1.05
9,spr_2232,1978,1.05
10,spr_2232,1978,1.05
11,spr_2232,1978,1.05
12,spr_2232,1978,1.05
13,spr_2232,1978,1.05
14,spr_2232,1978,1.05
15,spr_2232,1978,1.05
16,spr_2232,1978,1.05
17,spr_2232,1978,1.05
18,spr_2232,1978,1.05
19,spr_2232,1978,1.05
20,spr_2232,1978,1.05
21,spr_2232,1978,1.05
22,spr_2232,1978,1.05
23,spr_2232,1978,1.05
24,spr_2232,1978,1.05
25,spr_2232,1978,1.05
26,spr_2232,1978,1.05
27,spr_2232,1978,1.05
28,spr_2232,1978,1.05
29,spr_2232,1978,1.05
30,spr_2232,1978,1.05
31,spr_2232,1978,1.05
32,spr_2232,1978,1.05
33,spr_2232,1978,1.05
34,spr_2232,1978,1.05
35,spr_2232,1978,1.05
36,spr_2232,1978,1.05
37,spr_2232,1978,1.05
38,spr_2232,1978,1.05
39,spr_2232,1978,1.05
40,spr_2232,1978,1.05
41,spr_2232,1978,1.05
42,spr_2232,1978,1.05
3,spr_2232,1979,0.753846154
4,spr_2232,1979,0.753846154
5,spr_2232,1979,0.753846154
6,spr_2232,1979,0.753846154
7,spr_2232,1979,0.753846154
8,spr_2232,1979,0.753846154
9,spr_2232,1979,0.753846154
10,spr_2232,1979,0.753846154
11,spr_2232,1979,0.753846154
12,spr_2232,1979,0.753846154
13,spr_2232,1979,0.753846154
14,spr_2232,1979,0.753846154
15,spr_2232,1979,0.753846154
16,spr_2232,1979,0.753846154
17,spr_2232,1979,0.753846154
18,spr_2232,1979,0.753846154
19,spr_2232,1979,0.753846154
20,spr_2232,1979,0.753846154
21,spr_2232,1979,0.753846154
22,spr_2232,1979,0.753846154
23,spr_2232,1979,0.753846154
24,spr_2232,1979,0.753846154
25,spr_2232,1979,0.753846154
26,spr_2232,1979,0.753846154
27,spr_2232,1979,0.753846154
28,spr_2232,1979,0.753846154
29,spr_2232,1979,0.753846154
30,spr_2232,1979,0.753846154
31,spr_2232,1979,0.753846154
32,spr_2232,1979,0.753846154
33,spr_2232,1979,0.753846154
34,spr_2232,1979,0.753846154
35,spr_2232,1979,0.753846154
36,spr_2232,1979,0.753846154
37,spr_2232,1979,0.753846154
38,spr_2232,1979,0.753846154
39,spr_2232,1979,0.753846154
40,spr_2232,1979,0.753846154
41,spr_2232,1979,0.753846154
42,spr_2232,1979,0.753846154
3,spr_2232,1980,0.811538462
4,spr_2232,1980,0.811538462
5,spr_2232,1980,0.811538462
6,spr_2232,1980,0.811538462
7,spr_2232,1980,0.811538462
8,spr_2232,1980,0.811538462
9,spr_2232,1980,0.811538462
10,spr_2232,1980,0.811538462
11,spr_2232,1980,0.811538462
12,spr_2232,1980,0.811538462
13,spr_2232,1980,0.811538462
14,spr_2232,1980,0.811538462
15,spr_2232,1980,0.811538462
16,spr_2232,1980,0.811538462
17,spr_2232,1980,0.811538462
18,spr_2232,1980,0.811538462
19,spr_2232,1980,0.811538462
20,spr_2232,1980,0.811538462
21,spr_2232,1980,0.811538462
22,spr_2232,1980,0.811538462
23,spr_2232,1980,0.811538462
24,spr_2232,1980,0.811538462
25,spr_2232,1980,0.811538462
26,spr_2232,1980,0.811538462
27,spr_2232,1980,0.811538462
28,spr_2232,1980,0.811538462
29,spr_2232,1980,0.811538462
30,spr_2232,1980,0.811538462
31,spr_2232,1980,0.811538462
32,spr_2232,1980,0.811538462
33,spr_2232,1980,0.811538462
34,spr_2232,1980,0.811538462
35,spr_2232,1980,0.811538462
36,spr_2232,1980,0.811538462
37,spr_2232,1980,0.811538462
38,spr_2232,1980,0.811538462
39,spr_2232,1980,0.811538462
40,spr_2232,1980,0.811538462
41,spr_2232,1980,0.811538462
42,spr_2232,1980,0.811538462
3,spr_2232,1981,0.492307692
4,spr_2232,1981,0.492307692
5,spr_2232,1981,0.492307692
6,spr_2232,1981,0.492307692
7,spr_2232,1981,0.492307692
8,spr_2232,1981,0.492307692
9,spr_2232,1981,0.492307692
10,spr_2232,1981,0.492307692
11,spr_2232,1981,0.492307692
12,spr_2232,1981,0.492307692
13,spr_2232,1981,0.492307692
14,spr_2232,1981,0.492307692
15,spr_2232,1981,0.492307692
16,spr_2232,1981,0.492307692
17,spr_2232,1981,0.492307692
18,spr_2232,1981,0.492307692
19,spr_2232,1981,0.492307692
20,spr_2232,1981,0.492307692
21,spr_2232,1981,0.492307692
22,spr_2232,1981,0.492307692
23,spr_2232,1981,0.492307692
24,spr_2232,1981,0.492307692
25,spr_2232,1981,0.492307692
26,spr_2232,1981,0.492307692
27,spr_2232,1981,0.492307692
28,spr_2232,1981,0.492307692
29,spr_2232,1981,0.492307692
30,spr_2232,1981,0.492307692
31,spr_2232,1981,0.492307692
32,spr_2232,1981,0.492307692
33,spr_2232,1981,0.492307692
34,spr_2232,1981,0.492307692
35,spr_2232,1981,0.492307692
36,spr_2232,1981,0.492307692
37,spr_2232,1981,0.492307692
38,spr_2232,1981,0.492307692
39,spr_2232,1981,0.492307692
40,spr_2232,1981,0.492307692
41,spr_2232,1981,0.492307692
42,spr_2232,1981,0.492307692
3,spr_2232,1982,0.869230769
4,spr_2232,1982,0.869230769
5,spr_2232,1982,0.869230769
6,spr_2232,1982,0.869230769
7,spr_2232,1982,0.869230769
8,spr_2232,1982,0.869230769
9,spr_2232,1982,0.869230769
10,spr_2232,1982,0.869230769
11,spr_2232,1982,0.869230769
12,spr_2232,1982,0.869230769
13,spr_2232,1982,0.869230769
14,spr_2232,1982,0.869230769
15,spr_2232,1982,0.869230769
16,spr_2232,1982,0.869230769
17,spr_2232,1982,0.869230769
18,spr_2232,1982,0.869230769
19,spr_2232,1982,0.869230769
20,spr_2232,1982,0.869230769
21,spr_2232,1982,0.869230769
22,spr_2232,1982,0.869230769
23,spr_2232,1982,0.869230769
24,spr_2232,1982,0.869230769
25,spr_2232,1982,0.869230769
26,spr_2232,1982,0.869230769
27,spr_2232,1982,0.869230769
28,spr_2232,1982,0.869230769
29,spr_2232,1982,0.869230769
30,spr_2232,1982,0.869230769
31,spr_2232,1982,0.869230769
32,spr_2232,1982,0.869230769
33,spr_2232,1982,0.869230769
34,spr_2232,1982,0.869230769
35,spr_2232,1982,0.869230769
36,spr_2232,1982,0.869230769
37,spr_2232,1982,0.869230769
38,spr_2232,1982,0.869230769
39,spr_2232,1982,0.869230769
40,spr_2232,1982,0.869230769
41,spr_2232,1982,0.869230769
42,spr_2232,1982,0.869230769
3,spr_2232,1983,0.419230769
4,spr_2232,1983,0.419230769
5,spr_2232,1983,0.419230769
6,spr_2232,1983,0.419230769
7,spr_2232,1983,0.419230769
8,spr_2232,1983,0.419230769
9,spr_2232,1983,0.419230769
10,spr_2232,1983,0.419230769
11,spr_2232,1983,0.419230769
12,spr_2232,1983,0.419230769
13,spr_2232,1983,0.419230769
14,spr_2232,1983,0.419230769
15,spr_2232,1983,0.419230769
16,spr_2232,1983,0.419230769
17,spr_2232,1983,0.419230769
18,spr_2232,1983,0.419230769
19,spr_2232,1983,0.419230769
20,spr_2232,1983,0.419230769
21,spr_2232,1983,0.419230769
22,spr_2232,1983,0.419230769
23,spr_2232,1983,0.419230769
24,spr_2232,1983,0.419230769
25,spr_2232,1983,0.419230769
26,spr_2232,1983,0.419230769
27,spr_2232,1983,0.419230769
28,spr_2232,1983,0.419230769
29,spr_2232,1983,0.419230769
30,spr_2232,1983,0.419230769
31,spr_2232,1983,0.419230769
32,spr_2232,1983,0.419230769
33,spr_2232,1983,0.419230769
34,spr_2232,1983,0.419230769
35,spr_2232,1983,0.419230769
36,spr_2232,1983,0.419230769
37,spr_2232,1983,0.419230769
38,spr_2232,1983,0.419230769
39,spr_2232,1983,0.419230769
40,spr_2232,1983,0.419230769
41,spr_2232,1983,0.419230769
42,spr_2232,1983,0.419230769
3,spr_2232,1984,0.603846154
4,spr_2232,1984,0.603846154
5,spr_2232,1984,0.603846154
6,spr_2232,1984,0.603846154
7,spr_2232,1984,0.603846154
8,spr_2232,1984,0.603846154
9,spr_2232,1984,0.603846154
10,spr_2232,1984,0.603846154
11,spr_2232,1984,0.603846154
12,spr_2232,1984,0.603846154
13,spr_2232,1984,0.603846154
14,spr_2232,1984,0.603846154
15,spr_2232,1984,0.603846154
16,spr_2232,1984,0.603846154
17,spr_2232,1984,0.603846154
18,spr_2232,1984,0.603846154
19,spr_2232,1984,0.603846154
20,spr_2232,1984,0.603846154
21,spr_2232,1984,0.603846154
22,spr_2232,1984,0.603846154
23,spr_2232,1984,0.603846154
24,spr_2232,1984,0.603846154
25,spr_2232,1984,0.603846154
26,spr_2232,1984,0.603846154
27,spr_2232,1984,0.603846154
28,spr_2232,1984,0.603846154
29,spr_2232,1984,0.603846154
30,spr_2232,1984,0.603846154
31,spr_2232,1984,0.603846154
32,spr_2232,1984,0.603846154
33,spr_2232,1984,0.603846154
34,spr_2232,1984,0.603846154
35,spr_2232,1984,0.603846154
36,spr_2232,1984,0.603846154
37,spr_2232,1984,0.603846154
38,spr_2232,1984,0.603846154
39,spr_2232,1984,0.603846154
40,spr_2232,1984,0.603846154
41,spr_2232,1984,0.603846154
42,spr_2232,1984,0.603846154
3,spr_2232,1985,0.596153846
4,spr_2232,1985,0.596153846
5,spr_2232,1985,0.596153846
6,spr_2232,1985,0.596153846
7,spr_2232,1985,0.596153846
8,spr_2232,1985,0.596153846
9,spr_2232,1985,0.596153846
10,spr_2232,1985,0.596153846
11,spr_2232,1985,0.596153846
12,spr_2232,1985,0.596153846
13,spr_2232,1985,0.596153846
14,spr_2232,1985,0.596153846
15,spr_2232,1985,0.596153846
16,spr_2232,1985,0.596153846
17,spr_2232,1985,0.596153846
18,spr_2232,1985,0.596153846
19,spr_2232,1985,0.596153846
20,spr_2232,1985,0.596153846
21,spr_2232,1985,0.596153846
22,spr_2232,1985,0.596153846
23,spr_2232,1985,0.596153846
24,spr_2232,1985,0.596153846
25,spr_2232,1985,0.596153846
26,spr_2232,1985,0.596153846
27,spr_2232,1985,0.596153846
28,spr_2232,1985,0.596153846
29,spr_2232,1985,0.596153846
30,spr_2232,1985,0.596153846
31,spr_2232,1985,0.596153846
32,spr_2232,1985,0.596153846
33,spr_2232,1985,0.596153846
34,spr_2232,1985,0.596153846
35,spr_2232,1985,0.596153846
36,spr_2232,1985,0.596153846
37,spr_2232,1985,0.596153846
38,spr_2232,1985,0.596153846
39,spr_2232,1985,0.596153846
40,spr_2232,1985,0.596153846
41,spr_2232,1985,0.596153846
42,spr_2232,1985,0.596153846
3,spr_2232,1986,0.780769231
4,spr_2232,1986,0.780769231
5,spr_2232,1986,0.780769231
6,spr_2232,1986,0.780769231
7,spr_2232,1986,0.780769231
8,spr_2232,1986,0.780769231
9,spr_2232,1986,0.780769231
10,spr_2232,1986,0.780769231
11,spr_2232,1986,0.780769231
12,spr_2232,1986,0.780769231
13,spr_2232,1986,0.780769231
14,spr_2232,1986,0.780769231
15,spr_2232,1986,0.780769231
16,spr_2232,1986,0.780769231
17,spr_2232,1986,0.780769231
18,spr_2232,1986,0.780769231
19,spr_2232,1986,0.780769231
20,spr_2232,1986,0.780769231
21,spr_2232,1986,0.780769231
22,spr_2232,1986,0.780769231
23,spr_2232,1986,0.780769231
24,spr_2232,1986,0.780769231
25,spr_2232,1986,0.780769231
26,spr_2232,1986,0.780769231
27,spr_2232,1986,0.780769231
28,spr_2232,1986,0.780769231
29,spr_2232,1986,0.780769231
30,spr_2232,1986,0.780769231
31,spr_2232,1986,0.780769231
32,spr_2232,1986,0.780769231
33,spr_2232,1986,0.780769231
34,spr_2232,1986,0.780769231
35,spr_2232,1986,0.780769231
36,spr_2232,1986,0.780769231
37,spr_2232,1986,0.780769231
38,spr_2232,1986,0.780769231
39,spr_2232,1986,0.780769231
40,spr_2232,1986,0.780769231
41,spr_2232,1986,0.780769231
42,spr_2232,1986,0.780769231
3,spr_2232,1987,1.003846154
4,spr_2232,1987,1.003846154
5,spr_2232,1987,1.003846154
6,spr_2232,1987,1.003846154
7,spr_2232,1987,1.003846154
8,spr_2232,1987,1.003846154
9,spr_2232,1987,1.003846154
10,spr_2232,1987,1.003846154
11,spr_2232,1987,1.003846154
12,spr_2232,1987,1.003846154
13,spr_2232,1987,1.003846154
14,spr_2232,1987,1.003846154
15,spr_2232,1987,1.003846154
16,spr_2232,1987,1.003846154
17,spr_2232,1987,1.003846154
18,spr_2232,1987,1.003846154
19,spr_2232,1987,1.003846154
20,spr_2232,1987,1.003846154
21,spr_2232,1987,1.003846154
22,spr_2232,1987,1.003846154
23,spr_2232,1987,1.003846154
24,spr_2232,1987,1.003846154
25,spr_2232,1987,1.003846154
26,spr_2232,1987,1.003846154
27,spr_2232,1987,1.003846154
28,spr_2232,1987,1.003846154
29,spr_2232,1987,1.003846154
30,spr_2232,1987,1.003846154
31,spr_2232,1987,1.003846154
32,spr_2232,1987,1.003846154
33,spr_2232,1987,1.003846154
34,spr_2232,1987,1.003846154
35,spr_2232,1987,1.003846154
36,spr_2232,1987,1.003846154
37,spr_2232,1987,1.003846154
38,spr_2232,1987,1.003846154
39,spr_2232,1987,1.003846154
40,spr_2232,1987,1.003846154
41,spr_2232,1987,1.003846154
42,spr_2232,1987,1.003846154
3,spr_2232,1988,0.884615385
4,spr_2232,1988,0.884615385
5,spr_2232,1988,0.884615385
6,spr_2232,1988,0.884615385
7,spr_2232,1988,0.884615385
8,spr_2232,1988,0.884615385
9,spr_2232,1988,0.884615385
10,spr_2232,1988,0.884615385
11,spr_2232,1988,0.884615385
12,spr_2232,1988,0.884615385
13,spr_2232,1988,0.884615385
14,spr_2232,1988,0.884615385
15,spr_2232,1988,0.884615385
16,spr_2232,1988,0.884615385
17,spr_2232,1988,0.884615385
18,spr_2232,1988,0.884615385
19,spr_2232,1988,0.884615385
20,spr_2232,1988,0.884615385
21,spr_2232,1988,0.884615385
22,spr_2232,1988,0.884615385
23,spr_2232,1988,0.884615385
24,spr_2232,1988,0.884615385
25,spr_2232,1988,0.884615385
26,spr_2232,1988,0.884615385
27,spr_2232,1988,0.884615385
28,spr_2232,1988,0.884615385
29,spr_2232,1988,0.884615385
30,spr_2232,1988,0.884615385
31,spr_2232,1988,0.884615385
32,spr_2232,1988,0.884615385
33,spr_2232,1988,0.884615385
34,spr_2232,1988,0.884615385
35,spr_2232,1988,0.884615385
36,spr_2232,1988,0.884615385
37,spr_2232,1988,0.884615385
38,spr_2232,1988,0.884615385
39,spr_2232,1988,0.884615385
40,spr_2232,1988,0.884615385
41,spr_2232,1988,0.884615385
42,spr_2232,1988,0.884615385
3,spr_2232,1989,0.792307692
4,spr_2232,1989,0.792307692
5,spr_2232,1989,0.792307692
6,spr_2232,1989,0.792307692
7,spr_2232,1989,0.792307692
8,spr_2232,1989,0.792307692
9,spr_2232,1989,0.792307692
10,spr_2232,1989,0.792307692
11,spr_2232,1989,0.792307692
12,spr_2232,1989,0.792307692
13,spr_2232,1989,0.792307692
14,spr_2232,1989,0.792307692
15,spr_2232,1989,0.792307692
16,spr_2232,1989,0.792307692
17,spr_2232,1989,0.792307692
18,spr_2232,1989,0.792307692
19,spr_2232,1989,0.792307692
20,spr_2232,1989,0.792307692
21,spr_2232,1989,0.792307692
22,spr_2232,1989,0.792307692
23,spr_2232,1989,0.792307692
24,spr_2232,1989,0.792307692
25,spr_2232,1989,0.792307692
26,spr_2232,1989,0.792307692
27,spr_2232,1989,0.792307692
28,spr_2232,1989,0.792307692
29,spr_2232,1989,0.792307692
30,spr_2232,1989,0.792307692
31,spr_2232,1989,0.792307692
32,spr_2232,1989,0.792307692
33,spr_2232,1989,0.792307692
34,spr_2232,1989,0.792307692
35,spr_2232,1989,0.792307692
36,spr_2232,1989,0.792307692
37,spr_2232,1989,0.792307692
38,spr_2232,1989,0.792307692
39,spr_2232,1989,0.792307692
40,spr_2232,1989,0.792307692
41,spr_2232,1989,0.792307692
42,spr_2232,1989,0.792307692
3,spr_2232,1990,0.511538462
4,spr_2232,1990,0.511538462
5,spr_2232,1990,0.511538462
6,spr_2232,1990,0.511538462
7,spr_2232,1990,0.511538462
8,spr_2232,1990,0.511538462
9,spr_2232,1990,0.511538462
10,spr_2232,1990,0.511538462
11,spr_2232,1990,0.511538462
12,spr_2232,1990,0.511538462
13,spr_2232,1990,0.511538462
14,spr_2232,1990,0.511538462
15,spr_2232,1990,0.511538462
16,spr_2232,1990,0.511538462
17,spr_2232,1990,0.511538462
18,spr_2232,1990,0.511538462
19,spr_2232,1990,0.511538462
20,spr_2232,1990,0.511538462
21,spr_2232,1990,0.511538462
22,spr_2232,1990,0.511538462
23,spr_2232,1990,0.511538462
24,spr_2232,1990,0.511538462
25,spr_2232,1990,0.511538462
26,spr_2232,1990,0.511538462
27,spr_2232,1990,0.511538462
28,spr_2232,1990,0.511538462
29,spr_2232,1990,0.511538462
30,spr_2232,1990,0.511538462
31,spr_2232,1990,0.511538462
32,spr_2232,1990,0.511538462
33,spr_2232,1990,0.511538462
34,spr_2232,1990,0.511538462
35,spr_2232,1990,0.511538462
36,spr_2232,1990,0.511538462
37,spr_2232,1990,0.511538462
38,spr_2232,1990,0.511538462
39,spr_2232,1990,0.511538462
40,spr_2232,1990,0.511538462
41,spr_2232,1990,0.511538462
42,spr_2232,1990,0.511538462
3,spr_2232,1991,0.661538462
4,spr_2232,1991,0.661538462
5,spr_2232,1991,0.661538462
6,spr_2232,1991,0.661538462
7,spr_2232,1991,0.661538462
8,spr_2232,1991,0.661538462
9,spr_2232,1991,0.661538462
10,spr_2232,1991,0.661538462
11,spr_2232,1991,0.661538462
12,spr_2232,1991,0.661538462
13,spr_2232,1991,0.661538462
14,spr_2232,1991,0.661538462
15,spr_2232,1991,0.661538462
16,spr_2232,1991,0.661538462
17,spr_2232,1991,0.661538462
18,spr_2232,1991,0.661538462
19,spr_2232,1991,0.661538462
20,spr_2232,1991,0.661538462
21,spr_2232,1991,0.661538462
22,spr_2232,1991,0.661538462
23,spr_2232,1991,0.661538462
24,spr_2232,1991,0.661538462
25,spr_2232,1991,0.661538462
26,spr_2232,1991,0.661538462
27,spr_2232,1991,0.661538462
28,spr_2232,1991,0.661538462
29,spr_2232,1991,0.661538462
30,spr_2232,1991,0.661538462
31,spr_2232,1991,0.661538462
32,spr_2232,1991,0.661538462
33,spr_2232,1991,0.661538462
34,spr_2232,1991,0.661538462
35,spr_2232,1991,0.661538462
36,spr_2232,1991,0.661538462
37,spr_2232,1991,0.661538462
38,spr_2232,1991,0.661538462
39,spr_2232,1991,0.661538462
40,spr_2232,1991,0.661538462
41,spr_2232,1991,0.661538462
42,spr_2232,1991,0.661538462
3,spr_2232,1992,0.769230769
4,spr_2232,1992,0.769230769
5,spr_2232,1992,0.769230769
6,spr_2232,1992,0.769230769
7,spr_2232,1992,0.769230769
8,spr_2232,1992,0.769230769
9,spr_2232,1992,0.769230769
10,spr_2232,1992,0.769230769
11,spr_2232,1992,0.769230769
12,spr_2232,1992,0.769230769
13,spr_2232,1992,0.769230769
14,spr_2232,1992,0.769230769
15,spr_2232,1992,0.769230769
16,spr_2232,1992,0.769230769
17,spr_2232,1992,0.769230769
18,spr_2232,1992,0.769230769
19,spr_2232,1992,0.769230769
20,spr_2232,1992,0.769230769
21,spr_2232,1992,0.769230769
22,spr_2232,1992,0.769230769
23,spr_2232,1992,0.769230769
24,spr_2232,1992,0.769230769
25,spr_2232,1992,0.769230769
26,spr_2232,1992,0.769230769
27,spr_2232,1992,0.769230769
28,spr_2232,1992,0.769230769
29,spr_2232,1992,0.769230769
30,spr_2232,1992,0.769230769
31,spr_2232,1992,0.769230769
32,spr_2232,1992,0.769230769
33,spr_2232,1992,0.769230769
34,spr_2232,1992,0.769230769
35,spr_2232,1992,0.769230769
36,spr_2232,1992,0.769230769
37,spr_2232,1992,0.769230769
38,spr_2232,1992,0.769230769
39,spr_2232,1992,0.769230769
40,spr_2232,1992,0.769230769
41,spr_2232,1992,0.769230769
42,spr_2232,1992,0.769230769
3,spr_2232,1993,0.619230769
4,spr_2232,1993,0.619230769
5,spr_2232,1993,0.619230769
6,spr_2232,1993,0.619230769
7,spr_2232,1993,0.619230769
8,spr_2232,1993,0.619230769
9,spr_2232,1993,0.619230769
10,spr_2232,1993,0.619230769
11,spr_2232,1993,0.619230769
12,spr_2232,1993,0.619230769
13,spr_2232,1993,0.619230769
14,spr_2232,1993,0.619230769
15,spr_2232,1993,0.619230769
16,spr_2232,1993,0.619230769
17,spr_2232,1993,0.619230769
18,spr_2232,1993,0.619230769
19,spr_2232,1993,0.619230769
20,spr_2232,1993,0.619230769
21,spr_2232,1993,0.619230769
22,spr_2232,1993,0.619230769
23,spr_2232,1993,0.619230769
24,spr_2232,1993,0.619230769
25,spr_2232,1993,0.619230769
26,spr_2232,1993,0.619230769
27,spr_2232,1993,0.619230769
28,spr_2232,1993,0.619230769
29,spr_2232,1993,0.619230769
30,spr_2232,1993,0.619230769
31,spr_2232,1993,0.619230769
32,spr_2232,1993,0.619230769
33,spr_2232,1993,0.619230769
34,spr_2232,1993,0.619230769
35,spr_2232,1993,0.619230769
36,spr_2232,1993,0.619230769
37,spr_2232,1993,0.619230769
38,spr_2232,1993,0.619230769
39,spr_2232,1993,0.619230769
40,spr_2232,1993,0.619230769
41,spr_2232,1993,0.619230769
42,spr_2232,1993,0.619230769
3,spr_2232,1994,0.992307692
4,spr_2232,1994,0.992307692
5,spr_2232,1994,0.992307692
6,spr_2232,1994,0.992307692
7,spr_2232,1994,0.992307692
8,spr_2232,1994,0.992307692
9,spr_2232,1994,0.992307692
10,spr_2232,1994,0.992307692
11,spr_2232,1994,0.992307692
12,spr_2232,1994,0.992307692
13,spr_2232,1994,0.992307692
14,spr_2232,1994,0.992307692
15,spr_2232,1994,0.992307692
16,spr_2232,1994,0.992307692
17,spr_2232,1994,0.992307692
18,spr_2232,1994,0.992307692
19,spr_2232,1994,0.992307692
20,spr_2232,1994,0.992307692
21,spr_2232,1994,0.992307692
22,spr_2232,1994,0.992307692
23,spr_2232,1994,0.992307692
24,spr_2232,1994,0.992307692
25,spr_2232,1994,0.992307692
26,spr_2232,1994,0.992307692
27,spr_2232,1994,0.992307692
28,spr_2232,1994,0.992307692
29,spr_2232,1994,0.992307692
30,spr_2232,1994,0.992307692
31,spr_2232,1994,0.992307692
32,spr_2232,1994,0.992307692
33,spr_2232,1994,0.992307692
34,spr_2232,1994,0.992307692
35,spr_2232,1994,0.992307692
36,spr_2232,1994,0.992307692
37,spr_2232,1994,0.992307692
38,spr_2232,1994,0.992307692
39,spr_2232,1994,0.992307692
40,spr_2232,1994,0.992307692
41,spr_2232,1994,0.992307692
42,spr_2232,1994,0.992307692
3,spr_2232,1995,1.292307692
4,spr_2232,1995,1.292307692
5,spr_2232,1995,1.292307692
6,spr_2232,1995,1.292307692
7,spr_2232,1995,1.292307692
8,spr_2232,1995,1.292307692
9,spr_2232,1995,1.292307692
10,spr_2232,1995,1.292307692
11,spr_2232,1995,1.292307692
12,spr_2232,1995,1.292307692
13,spr_2232,1995,1.292307692
14,spr_2232,1995,1.292307692
15,spr_2232,1995,1.292307692
16,spr_2232,1995,1.292307692
17,spr_2232,1995,1.292307692
18,spr_2232,1995,1.292307692
19,spr_2232,1995,1.292307692
20,spr_2232,1995,1.292307692
21,spr_2232,1995,1.292307692
22,spr_2232,1995,1.292307692
23,spr_2232,1995,1.292307692
24,spr_2232,1995,1.292307692
25,spr_2232,1995,1.292307692
26,spr_2232,1995,1.292307692
27,spr_2232,1995,1.292307692
28,spr_2232,1995,1.292307692
29,spr_2232,1995,1.292307692
30,spr_2232,1995,1.292307692
31,spr_2232,1995,1.292307692
32,spr_2232,1995,1.292307692
33,spr_2232,1995,1.292307692
34,spr_2232,1995,1.292307692
35,spr_2232,1995,1.292307692
36,spr_2232,1995,1.292307692
37,spr_2232,1995,1.292307692
38,spr_2232,1995,1.292307692
39,spr_2232,1995,1.292307692
40,spr_2232,1995,1.292307692
41,spr_2232,1995,1.292307692
42,spr_2232,1995,1.292307692
3,spr_2232,1996,1.092307692
4,spr_2232,1996,1.092307692
5,spr_2232,1996,1.092307692
6,spr_2232,1996,1.092307692
7,spr_2232,1996,1.092307692
8,spr_2232,1996,1.092307692
9,spr_2232,1996,1.092307692
10,spr_2232,1996,1.092307692
11,spr_2232,1996,1.092307692
12,spr_2232,1996,1.092307692
13,spr_2232,1996,1.092307692
14,spr_2232,1996,1.092307692
15,spr_2232,1996,1.092307692
16,spr_2232,1996,1.092307692
17,spr_2232,1996,1.092307692
18,spr_2232,1996,1.092307692
19,spr_2232,1996,1.092307692
20,spr_2232,1996,1.092307692
21,spr_2232,1996,1.092307692
22,spr_2232,1996,1.092307692
23,spr_2232,1996,1.092307692
24,spr_2232,1996,1.092307692
25,spr_2232,1996,1.092307692
26,spr_2232,1996,1.092307692
27,spr_2232,1996,1.092307692
28,spr_2232,1996,1.092307692
29,spr_2232,1996,1.092307692
30,spr_2232,1996,1.092307692
31,spr_2232,1996,1.092307692
32,spr_2232,1996,1.092307692
33,spr_2232,1996,1.092307692
34,spr_2232,1996,1.092307692
35,spr_2232,1996,1.092307692
36,spr_2232,1996,1.092307692
37,spr_2232,1996,1.092307692
38,spr_2232,1996,1.092307692
39,spr_2232,1996,1.092307692
40,spr_2232,1996,1.092307692
41,spr_2232,1996,1.092307692
42,spr_2232,1996,1.092307692
3,spr_2232,1997,1.511538462
4,spr_2232,1997,1.511538462
5,spr_2232,1997,1.511538462
6,spr_2232,1997,1.511538462
7,spr_2232,1997,1.511538462
8,spr_2232,1997,1.511538462
9,spr_2232,1997,1.511538462
10,spr_2232,1997,1.511538462
11,spr_2232,1997,1.511538462
12,spr_2232,1997,1.511538462
13,spr_2232,1997,1.511538462
14,spr_2232,1997,1.511538462
15,spr_2232,1997,1.511538462
16,spr_2232,1997,1.511538462
17,spr_2232,1997,1.511538462
18,spr_2232,1997,1.511538462
19,spr_2232,1997,1.511538462
20,spr_2232,1997,1.511538462
21,spr_2232,1997,1.511538462
22,spr_2232,1997,1.511538462
23,spr_2232,1997,1.511538462
24,spr_2232,1997,1.511538462
25,spr_2232,1997,1.511538462
26,spr_2232,1997,1.511538462
27,spr_2232,1997,1.511538462
28,spr_2232,1997,1.511538462
29,spr_2232,1997,1.511538462
30,spr_2232,1997,1.511538462
31,spr_2232,1997,1.511538462
32,spr_2232,1997,1.511538462
33,spr_2232,1997,1.511538462
34,spr_2232,1997,1.511538462
35,spr_2232,1997,1.511538462
36,spr_2232,1997,1.511538462
37,spr_2232,1997,1.511538462
38,spr_2232,1997,1.511538462
39,spr_2232,1997,1.511538462
40,spr_2232,1997,1.511538462
41,spr_2232,1997,1.511538462
42,spr_2232,1997,1.511538462
3,spr_2232,1998,1.484615385
4,spr_2232,1998,1.484615385
5,spr_2232,1998,1.484615385
6,spr_2232,1998,1.484615385
7,spr_2232,1998,1.484615385
8,spr_2232,1998,1.484615385
9,spr_2232,1998,1.484615385
10,spr_2232,1998,1.484615385
11,spr_2232,1998,1.484615385
12,spr_2232,1998,1.484615385
13,spr_2232,1998,1.484615385
14,spr_2232,1998,1.484615385
15,spr_2232,1998,1.484615385
16,spr_2232,1998,1.484615385
17,spr_2232,1998,1.484615385
18,spr_2232,1998,1.484615385
19,spr_2232,1998,1.484615385
20,spr_2232,1998,1.484615385
21,spr_2232,1998,1.484615385
22,spr_2232,1998,1.484615385
23,spr_2232,1998,1.484615385
24,spr_2232,1998,1.484615385
25,spr_2232,1998,1.484615385
26,spr_2232,1998,1.484615385
27,spr_2232,1998,1.484615385
28,spr_2232,1998,1.484615385
29,spr_2232,1998,1.484615385
30,spr_2232,1998,1.484615385
31,spr_2232,1998,1.484615385
32,spr_2232,1998,1.484615385
33,spr_2232,1998,1.484615385
34,spr_2232,1998,1.484615385
35,spr_2232,1998,1.484615385
36,spr_2232,1998,1.484615385
37,spr_2232,1998,1.484615385
38,spr_2232,1998,1.484615385
39,spr_2232,1998,1.484615385
40,spr_2232,1998,1.484615385
41,spr_2232,1998,1.484615385
42,spr_2232,1998,1.484615385
3,spr_2232,1999,1.434615385
4,spr_2232,1999,1.434615385
5,spr_2232,1999,1.434615385
6,spr_2232,1999,1.434615385
7,spr_2232,1999,1.434615385
8,spr_2232,1999,1.434615385
9,spr_2232,1999,1.434615385
10,spr_2232,1999,1.434615385
11,spr_2232,1999,1.434615385
12,spr_2232,1999,1.434615385
13,spr_2232,1999,1.434615385
14,spr_2232,1999,1.434615385
15,spr_2232,1999,1.434615385
16,spr_2232,1999,1.434615385
17,spr_2232,1999,1.434615385
18,spr_2232,1999,1.434615385
19,spr_2232,1999,1.434615385
20,spr_2232,1999,1.434615385
21,spr_2232,1999,1.434615385
22,spr_2232,1999,1.434615385
23,spr_2232,1999,1.434615385
24,spr_2232,1999,1.434615385
25,spr_2232,1999,1.434615385
26,spr_2232,1999,1.434615385
27,spr_2232,1999,1.434615385
28,spr_2232,1999,1.434615385
29,spr_2232,1999,1.434615385
30,spr_2232,1999,1.434615385
31,spr_2232,1999,1.434615385
32,spr_2232,1999,1.434615385
33,spr_2232,1999,1.434615385
34,spr_2232,1999,1.434615385
35,spr_2232,1999,1.434615385
36,spr_2232,1999,1.434615385
37,spr_2232,1999,1.434615385
38,spr_2232,1999,1.434615385
39,spr_2232,1999,1.434615385
40,spr_2232,1999,1.434615385
41,spr_2232,1999,1.434615385
42,spr_2232,1999,1.434615385
3,spr_2232,2000,1.2
4,spr_2232,2000,1.2
5,spr_2232,2000,1.2
6,spr_2232,2000,1.2
7,spr_2232,2000,1.2
8,spr_2232,2000,1.2
9,spr_2232,2000,1.2
10,spr_2232,2000,1.2
11,spr_2232,2000,1.2
12,spr_2232,2000,1.2
13,spr_2232,2000,1.2
14,spr_2232,2000,1.2
15,spr_2232,2000,1.2
16,spr_2232,2000,1.2
17,spr_2232,2000,1.2
18,spr_2232,2000,1.2
19,spr_2232,2000,1.2
20,spr_2232,2000,1.2
21,spr_2232,2000,1.2
22,spr_2232,2000,1.2
23,spr_2232,2000,1.2
24,spr_2232,2000,1.2
25,spr_2232,2000,1.2
26,spr_2232,2000,1.2
27,spr_2232,2000,1.2
28,spr_2232,2000,1.2
29,spr_2232,2000,1.2
30,spr_2232,2000,1.2
31,spr_2232,2000,1.2
32,spr_2232,2000,1.2
33,spr_2232,2000,1.2
34,spr_2232,2000,1.2
35,spr_2232,2000,1.2
36,spr_2232,2000,1.2
37,spr_2232,2000,1.2
38,spr_2232,2000,1.2
39,spr_2232,2000,1.2
40,spr_2232,2000,1.2
41,spr_2232,2000,1.2
42,spr_2232,2000,1.2
3,spr_2232,2001,1.107692308
4,spr_2232,2001,1.107692308
5,spr_2232,2001,1.107692308
6,spr_2232,2001,1.107692308
7,spr_2232,2001,1.107692308
8,spr_2232,2001,1.107692308
9,spr_2232,2001,1.107692308
10,spr_2232,2001,1.107692308
11,spr_2232,2001,1.107692308
12,spr_2232,2001,1.107692308
13,spr_2232,2001,1.107692308
14,spr_2232,2001,1.107692308
15,spr_2232,2001,1.107692308
16,spr_2232,2001,1.107692308
17,spr_2232,2001,1.107692308
18,spr_2232,2001,1.107692308
19,spr_2232,2001,1.107692308
20,spr_2232,2001,1.107692308
21,spr_2232,2001,1.107692308
22,spr_2232,2001,1.107692308
23,spr_2232,2001,1.107692308
24,spr_2232,2001,1.107692308
25,spr_2232,2001,1.107692308
26,spr_2232,2001,1.107692308
27,spr_2232,2001,1.107692308
28,spr_2232,2001,1.107692308
29,spr_2232,2001,1.107692308
30,spr_2232,2001,1.107692308
31,spr_2232,2001,1.107692308
32,spr_2232,2001,1.107692308
33,spr_2232,2001,1.107692308
34,spr_2232,2001,1.107692308
35,spr_2232,2001,1.107692308
36,spr_2232,2001,1.107692308
37,spr_2232,2001,1.107692308
38,spr_2232,2001,1.107692308
39,spr_2232,2001,1.107692308
40,spr_2232,2001,1.107692308
41,spr_2232,2001,1.107692308
42,spr_2232,2001,1.107692308
3,spr_2232,2002,1.45
4,spr_2232,2002,1.45
5,spr_2232,2002,1.45
6,spr_2232,2002,1.45
7,spr_2232,2002,1.45
8,spr_2232,2002,1.45
9,spr_2232,2002,1.45
10,spr_2232,2002,1.45
11,spr_2232,2002,1.45
12,spr_2232,2002,1.45
13,spr_2232,2002,1.45
14,spr_2232,2002,1.45
15,spr_2232,2002,1.45
16,spr_2232,2002,1.45
17,spr_2232,2002,1.45
18,spr_2232,2002,1.45
19,spr_2232,2002,1.45
20,spr_2232,2002,1.45
21,spr_2232,2002,1.45
22,spr_2232,2002,1.45
23,spr_2232,2002,1.45
24,spr_2232,2002,1.45
25,spr_2232,2002,1.45
26,spr_2232,2002,1.45
27,spr_2232,2002,1.45
28,spr_2232,2002,1.45
29,spr_2232,2002,1.45
30,spr_2232,2002,1.45
31,spr_2232,2002,1.45
32,spr_2232,2002,1.45
33,spr_2232,2002,1.45
34,spr_2232,2002,1.45
35,spr_2232,2002,1.45
36,spr_2232,2002,1.45
37,spr_2232,2002,1.45
38,spr_2232,2002,1.45
39,spr_2232,2002,1.45
40,spr_2232,2002,1.45
41,spr_2232,2002,1.45
42,spr_2232,2002,1.45
3,spr_2232,2003,1.565384615
4,spr_2232,2003,1.565384615
5,spr_2232,2003,1.565384615
6,spr_2232,2003,1.565384615
7,spr_2232,2003,1.565384615
8,spr_2232,2003,1.565384615
9,spr_2232,2003,1.565384615
10,spr_2232,2003,1.565384615
11,spr_2232,2003,1.565384615
12,spr_2232,2003,1.565384615
13,spr_2232,2003,1.565384615
14,spr_2232,2003,1.565384615
15,spr_2232,2003,1.565384615
16,spr_2232,2003,1.565384615
17,spr_2232,2003,1.565384615
18,spr_2232,2003,1.565384615
19,spr_2232,2003,1.565384615
20,spr_2232,2003,1.565384615
21,spr_2232,2003,1.565384615
22,spr_2232,2003,1.565384615
23,spr_2232,2003,1.565384615
24,spr_2232,2003,1.565384615
25,spr_2232,2003,1.565384615
26,spr_2232,2003,1.565384615
27,spr_2232,2003,1.565384615
28,spr_2232,2003,1.565384615
29,spr_2232,2003,1.565384615
30,spr_2232,2003,1.565384615
31,spr_2232,2003,1.565384615
32,spr_2232,2003,1.565384615
33,spr_2232,2003,1.565384615
34,spr_2232,2003,1.565384615
35,spr_2232,2003,1.565384615
36,spr_2232,2003,1.565384615
37,spr_2232,2003,1.565384615
38,spr_2232,2003,1.565384615
39,spr_2232,2003,1.565384615
40,spr_2232,2003,1.565384615
41,spr_2232,2003,1.565384615
42,spr_2232,2003,1.565384615
3,spr_2232,2004,1.876923077
4,spr_2232,2004,1.876923077
5,spr_2232,2004,1.876923077
6,spr_2232,2004,1.876923077
7,spr_2232,2004,1.876923077
8,spr_2232,2004,1.876923077
9,spr_2232,2004,1.876923077
10,spr_2232,2004,1.876923077
11,spr_2232,2004,1.876923077
12,spr_2232,2004,1.876923077
13,spr_2232,2004,1.876923077
14,spr_2232,2004,1.876923077
15,spr_2232,2004,1.876923077
16,spr_2232,2004,1.876923077
17,spr_2232,2004,1.876923077
18,spr_2232,2004,1.876923077
19,spr_2232,2004,1.876923077
20,spr_2232,2004,1.876923077
21,spr_2232,2004,1.876923077
22,spr_2232,2004,1.876923077
23,spr_2232,2004,1.876923077
24,spr_2232,2004,1.876923077
25,spr_2232,2004,1.876923077
26,spr_2232,2004,1.876923077
27,spr_2232,2004,1.876923077
28,spr_2232,2004,1.876923077
29,spr_2232,2004,1.876923077
30,spr_2232,2004,1.876923077
31,spr_2232,2004,1.876923077
32,spr_2232,2004,1.876923077
33,spr_2232,2004,1.876923077
34,spr_2232,2004,1.876923077
35,spr_2232,2004,1.876923077
36,spr_2232,2004,1.876923077
37,spr_2232,2004,1.876923077
38,spr_2232,2004,1.876923077
39,spr_2232,2004,1.876923077
40,spr_2232,2004,1.876923077
41,spr_2232,2004,1.876923077
42,spr_2232,2004,1.876923077
3,spr_2232,2005,1.730769231
4,spr_2232,2005,1.730769231
5,spr_2232,2005,1.730769231
6,spr_2232,2005,1.730769231
7,spr_2232,2005,1.730769231
8,spr_2232,2005,1.730769231
9,spr_2232,2005,1.730769231
10,spr_2232,2005,1.730769231
11,spr_2232,2005,1.730769231
12,spr_2232,2005,1.730769231
13,spr_2232,2005,1.730769231
14,spr_2232,2005,1.730769231
15,spr_2232,2005,1.730769231
16,spr_2232,2005,1.730769231
17,spr_2232,2005,1.730769231
18,spr_2232,2005,1.730769231
19,spr_2232,2005,1.730769231
20,spr_2232,2005,1.730769231
21,spr_2232,2005,1.730769231
22,spr_2232,2005,1.730769231
23,spr_2232,2005,1.730769231
24,spr_2232,2005,1.730769231
25,spr_2232,2005,1.730769231
26,spr_2232,2005,1.730769231
27,spr_2232,2005,1.730769231
28,spr_2232,2005,1.730769231
29,spr_2232,2005,1.730769231
30,spr_2232,2005,1.730769231
31,spr_2232,2005,1.730769231
32,spr_2232,2005,1.730769231
33,spr_2232,2005,1.730769231
34,spr_2232,2005,1.730769231
35,spr_2232,2005,1.730769231
36,spr_2232,2005,1.730769231
37,spr_2232,2005,1.730769231
38,spr_2232,2005,1.730769231
39,spr_2232,2005,1.730769231
40,spr_2232,2005,1.730769231
41,spr_2232,2005,1.730769231
42,spr_2232,2005,1.730769231
3,spr_2232,2006,1.430769231
4,spr_2232,2006,1.430769231
5,spr_2232,2006,1.430769231
6,spr_2232,2006,1.430769231
7,spr_2232,2006,1.430769231
8,spr_2232,2006,1.430769231
9,spr_2232,2006,1.430769231
10,spr_2232,2006,1.430769231
11,spr_2232,2006,1.430769231
12,spr_2232,2006,1.430769231
13,spr_2232,2006,1.430769231
14,spr_2232,2006,1.430769231
15,spr_2232,2006,1.430769231
16,spr_2232,2006,1.430769231
17,spr_2232,2006,1.430769231
18,spr_2232,2006,1.430769231
19,spr_2232,2006,1.430769231
20,spr_2232,2006,1.430769231
21,spr_2232,2006,1.430769231
22,spr_2232,2006,1.430769231
23,spr_2232,2006,1.430769231
24,spr_2232,2006,1.430769231
25,spr_2232,2006,1.430769231
26,spr_2232,2006,1.430769231
27,spr_2232,2006,1.430769231
28,spr_2232,2006,1.430769231
29,spr_2232,2006,1.430769231
30,spr_2232,2006,1.430769231
31,spr_2232,2006,1.430769231
32,spr_2232,2006,1.430769231
33,spr_2232,2006,1.430769231
34,spr_2232,2006,1.430769231
35,spr_2232,2006,1.430769231
36,spr_2232,2006,1.430769231
37,spr_2232,2006,1.430769231
38,spr_2232,2006,1.430769231
39,spr_2232,2006,1.430769231
40,spr_2232,2006,1.430769231
41,spr_2232,2006,1.430769231
42,spr_2232,2006,1.430769231
3,spr_2232,2007,1.334615385
4,spr_2232,2007,1.334615385
5,spr_2232,2007,1.334615385
6,spr_2232,2007,1.334615385
7,spr_2232,2007,1.334615385
8,spr_2232,2007,1.334615385
9,spr_2232,2007,1.334615385
10,spr_2232,2007,1.334615385
11,spr_2232,2007,1.334615385
12,spr_2232,2007,1.334615385
13,spr_2232,2007,1.334615385
14,spr_2232,2007,1.334615385
15,spr_2232,2007,1.334615385
16,spr_2232,2007,1.334615385
17,spr_2232,2007,1.334615385
18,spr_2232,2007,1.334615385
19,spr_2232,2007,1.334615385
20,spr_2232,2007,1.334615385
21,spr_2232,2007,1.334615385
22,spr_2232,2007,1.334615385
23,spr_2232,2007,1.334615385
24,spr_2232,2007,1.334615385
25,spr_2232,2007,1.334615385
26,spr_2232,2007,1.334615385
27,spr_2232,2007,1.334615385
28,spr_2232,2007,1.334615385
29,spr_2232,2007,1.334615385
30,spr_2232,2007,1.334615385
31,spr_2232,2007,1.334615385
32,spr_2232,2007,1.334615385
33,spr_2232,2007,1.334615385
34,spr_2232,2007,1.334615385
35,spr_2232,2007,1.334615385
36,spr_2232,2007,1.334615385
37,spr_2232,2007,1.334615385
38,spr_2232,2007,1.334615385
39,spr_2232,2007,1.334615385
40,spr_2232,2007,1.334615385
41,spr_2232,2007,1.334615385
42,spr_2232,2007,1.334615385
3,spr_2232,2008,1.4
4,spr_2232,2008,1.4
5,spr_2232,2008,1.4
6,spr_2232,2008,1.4
7,spr_2232,2008,1.4
8,spr_2232,2008,1.4
9,spr_2232,2008,1.4
10,spr_2232,2008,1.4
11,spr_2232,2008,1.4
12,spr_2232,2008,1.4
13,spr_2232,2008,1.4
14,spr_2232,2008,1.4
15,spr_2232,2008,1.4
16,spr_2232,2008,1.4
17,spr_2232,2008,1.4
18,spr_2232,2008,1.4
19,spr_2232,2008,1.4
20,spr_2232,2008,1.4
21,spr_2232,2008,1.4
22,spr_2232,2008,1.4
23,spr_2232,2008,1.4
24,spr_2232,2008,1.4
25,spr_2232,2008,1.4
26,spr_2232,2008,1.4
27,spr_2232,2008,1.4
28,spr_2232,2008,1.4
29,spr_2232,2008,1.4
30,spr_2232,2008,1.4
31,spr_2232,2008,1.4
32,spr_2232,2008,1.4
33,spr_2232,2008,1.4
34,spr_2232,2008,1.4
35,spr_2232,2008,1.4
36,spr_2232,2008,1.4
37,spr_2232,2008,1.4
38,spr_2232,2008,1.4
39,spr_2232,2008,1.4
40,spr_2232,2008,1.4
41,spr_2232,2008,1.4
42,spr_2232,2008,1.4
3,spr_2232,2009,1.680769231
4,spr_2232,2009,1.680769231
5,spr_2232,2009,1.680769231
6,spr_2232,2009,1.680769231
7,spr_2232,2009,1.680769231
8,spr_2232,2009,1.680769231
9,spr_2232,2009,1.680769231
10,spr_2232,2009,1.680769231
11,spr_2232,2009,1.680769231
12,spr_2232,2009,1.680769231
13,spr_2232,2009,1.680769231
14,spr_2232,2009,1.680769231
15,spr_2232,2009,1.680769231
16,spr_2232,2009,1.680769231
17,spr_2232,2009,1.680769231
18,spr_2232,2009,1.680769231
19,spr_2232,2009,1.680769231
20,spr_2232,2009,1.680769231
21,spr_2232,2009,1.680769231
22,spr_2232,2009,1.680769231
23,spr_2232,2009,1.680769231
24,spr_2232,2009,1.680769231
25,spr_2232,2009,1.680769231
26,spr_2232,2009,1.680769231
27,spr_2232,2009,1.680769231
28,spr_2232,2009,1.680769231
29,spr_2232,2009,1.680769231
30,spr_2232,2009,1.680769231
31,spr_2232,2009,1.680769231
32,spr_2232,2009,1.680769231
33,spr_2232,2009,1.680769231
34,spr_2232,2009,1.680769231
35,spr_2232,2009,1.680769231
36,spr_2232,2009,1.680769231
37,spr_2232,2009,1.680769231
38,spr_2232,2009,1.680769231
39,spr_2232,2009,1.680769231
40,spr_2232,2009,1.680769231
41,spr_2232,2009,1.680769231
42,spr_2232,2009,1.680769231
3,spr_2232,2010,1.296153846
4,spr_2232,2010,1.296153846
5,spr_2232,2010,1.296153846
6,spr_2232,2010,1.296153846
7,spr_2232,2010,1.296153846
8,spr_2232,2010,1.296153846
9,spr_2232,2010,1.296153846
10,spr_2232,2010,1.296153846
11,spr_2232,2010,1.296153846
12,spr_2232,2010,1.296153846
13,spr_2232,2010,1.296153846
14,spr_2232,2010,1.296153846
15,spr_2232,2010,1.296153846
16,spr_2232,2010,1.296153846
17,spr_2232,2010,1.296153846
18,spr_2232,2010,1.296153846
19,spr_2232,2010,1.296153846
20,spr_2232,2010,1.296153846
21,spr_2232,2010,1.296153846
22,spr_2232,2010,1.296153846
23,spr_2232,2010,1.296153846
24,spr_2232,2010,1.296153846
25,spr_2232,2010,1.296153846
26,spr_2232,2010,1.296153846
27,spr_2232,2010,1.296153846
28,spr_2232,2010,1.296153846
29,spr_2232,2010,1.296153846
30,spr_2232,2010,1.296153846
31,spr_2232,2010,1.296153846
32,spr_2232,2010,1.296153846
33,spr_2232,2010,1.296153846
34,spr_2232,2010,1.296153846
35,spr_2232,2010,1.296153846
36,spr_2232,2010,1.296153846
37,spr_2232,2010,1.296153846
38,spr_2232,2010,1.296153846
39,spr_2232,2010,1.296153846
40,spr_2232,2010,1.296153846
41,spr_2232,2010,1.296153846
42,spr_2232,2010,1.296153846
3,spr_2232,2011,1.157692308
4,spr_2232,2011,1.157692308
5,spr_2232,2011,1.157692308
6,spr_2232,2011,1.157692308
7,spr_2232,2011,1.157692308
8,spr_2232,2011,1.157692308
9,spr_2232,2011,1.157692308
10,spr_2232,2011,1.157692308
11,spr_2232,2011,1.157692308
12,spr_2232,2011,1.157692308
13,spr_2232,2011,1.157692308
14,spr_2232,2011,1.157692308
15,spr_2232,2011,1.157692308
16,spr_2232,2011,1.157692308
17,spr_2232,2011,1.157692308
18,spr_2232,2011,1.157692308
19,spr_2232,2011,1.157692308
20,spr_2232,2011,1.157692308
21,spr_2232,2011,1.157692308
22,spr_2232,2011,1.157692308
23,spr_2232,2011,1.157692308
24,spr_2232,2011,1.157692308
25,spr_2232,2011,1.157692308
26,spr_2232,2011,1.157692308
27,spr_2232,2011,1.157692308
28,spr_2232,2011,1.157692308
29,spr_2232,2011,1.157692308
30,spr_2232,2011,1.157692308
31,spr_2232,2011,1.157692308
32,spr_2232,2011,1.157692308
33,spr_2232,2011,1.157692308
34,spr_2232,2011,1.157692308
35,spr_2232,2011,1.157692308
36,spr_2232,2011,1.157692308
37,spr_2232,2011,1.157692308
38,spr_2232,2011,1.157692308
39,spr_2232,2011,1.157692308
40,spr_2232,2011,1.157692308
41,spr_2232,2011,1.157692308
42,spr_2232,2011,1.157692308
3,spr_2232,2012,1.111538462
4,spr_2232,2012,1.111538462
5,spr_2232,2012,1.111538462
6,spr_2232,2012,1.111538462
7,spr_2232,2012,1.111538462
8,spr_2232,2012,1.111538462
9,spr_2232,2012,1.111538462
10,spr_2232,2012,1.111538462
11,spr_2232,2012,1.111538462
12,spr_2232,2012,1.111538462
13,spr_2232,2012,1.111538462
14,spr_2232,2012,1.111538462
15,spr_2232,2012,1.111538462
16,spr_2232,2012,1.111538462
17,spr_2232,2012,1.111538462
18,spr_2232,2012,1.111538462
19,spr_2232,2012,1.111538462
20,spr_2232,2012,1.111538462
21,spr_2232,2012,1.111538462
22,spr_2232,2012,1.111538462
23,spr_2232,2012,1.111538462
24,spr_2232,2012,1.111538462
25,spr_2232,2012,1.111538462
26,spr_2232,2012,1.111538462
27,spr_2232,2012,1.111538462
28,spr_2232,2012,1.111538462
29,spr_2232,2012,1.111538462
30,spr_2232,2012,1.111538462
31,spr_2232,2012,1.111538462
32,spr_2232,2012,1.111538462
33,spr_2232,2012,1.111538462
34,spr_2232,2012,1.111538462
35,spr_2232,2012,1.111538462
36,spr_2232,2012,1.111538462
37,spr_2232,2012,1.111538462
38,spr_2232,2012,1.111538462
39,spr_2232,2012,1.111538462
40,spr_2232,2012,1.111538462
41,spr_2232,2012,1.111538462
42,spr_2232,2012,1.111538462
3,spr_2232,2013,1.442307692
4,spr_2232,2013,1.442307692
5,spr_2232,2013,1.442307692
6,spr_2232,2013,1.442307692
7,spr_2232,2013,1.442307692
8,spr_2232,2013,1.442307692
9,spr_2232,2013,1.442307692
10,spr_2232,2013,1.442307692
11,spr_2232,2013,1.442307692
12,spr_2232,2013,1.442307692
13,spr_2232,2013,1.442307692
14,spr_2232,2013,1.442307692
15,spr_2232,2013,1.442307692
16,spr_2232,2013,1.442307692
17,spr_2232,2013,1.442307692
18,spr_2232,2013,1.442307692
19,spr_2232,2013,1.442307692
20,spr_2232,2013,1.442307692
21,spr_2232,2013,1.442307692
22,spr_2232,2013,1.442307692
23,spr_2232,2013,1.442307692
24,spr_2232,2013,1.442307692
25,spr_2232,2013,1.442307692
26,spr_2232,2013,1.442307692
27,spr_2232,2013,1.442307692
28,spr_2232,2013,1.442307692
29,spr_2232,2013,1.442307692
30,spr_2232,2013,1.442307692
31,spr_2232,2013,1.442307692
32,spr_2232,2013,1.442307692
33,spr_2232,2013,1.442307692
34,spr_2232,2013,1.442307692
35,spr_2232,2013,1.442307692
36,spr_2232,2013,1.442307692
37,spr_2232,2013,1.442307692
38,spr_2232,2013,1.442307692
39,spr_2232,2013,1.442307692
40,spr_2232,2013,1.442307692
41,spr_2232,2013,1.442307692
42,spr_2232,2013,1.442307692
3,spr_2232,2014,1.565384615
4,spr_2232,2014,1.565384615
5,spr_2232,2014,1.565384615
6,spr_2232,2014,1.565384615
7,spr_2232,2014,1.565384615
8,spr_2232,2014,1.565384615
9,spr_2232,2014,1.565384615
10,spr_2232,2014,1.565384615
11,spr_2232,2014,1.565384615
12,spr_2232,2014,1.565384615
13,spr_2232,2014,1.565384615
14,spr_2232,2014,1.565384615
15,spr_2232,2014,1.565384615
16,spr_2232,2014,1.565384615
17,spr_2232,2014,1.565384615
18,spr_2232,2014,1.565384615
19,spr_2232,2014,1.565384615
20,spr_2232,2014,1.565384615
21,spr_2232,2014,1.565384615
22,spr_2232,2014,1.565384615
23,spr_2232,2014,1.565384615
24,spr_2232,2014,1.565384615
25,spr_2232,2014,1.565384615
26,spr_2232,2014,1.565384615
27,spr_2232,2014,1.565384615
28,spr_2232,2014,1.565384615
29,spr_2232,2014,1.565384615
30,spr_2232,2014,1.565384615
31,spr_2232,2014,1.565384615
32,spr_2232,2014,1.565384615
33,spr_2232,2014,1.565384615
34,spr_2232,2014,1.565384615
35,spr_2232,2014,1.565384615
36,spr_2232,2014,1.565384615
37,spr_2232,2014,1.565384615
38,spr_2232,2014,1.565384615
39,spr_2232,2014,1.565384615
40,spr_2232,2014,1.565384615
41,spr_2232,2014,1.565384615
42,spr_2232,2014,1.565384615
