region_id,stock,year,landings
3,cod_SDs22_24,1985,33188
4,cod_SDs22_24,1985,33188
7,cod_SDs22_24,1985,33188
8,cod_SDs22_24,1985,33188
9,cod_SDs22_24,1985,33188
10,cod_SDs22_24,1985,33188
5,cod_SDs22_24,1985,33188
6,cod_SDs22_24,1985,33188
11,cod_SDs22_24,1985,33188
12,cod_SDs22_24,1985,33188
13,cod_SDs22_24,1985,33188
16,cod_SDs22_24,1985,33188
3,cod_SDs22_24,1986,20088
4,cod_SDs22_24,1986,20088
7,cod_SDs22_24,1986,20088
8,cod_SDs22_24,1986,20088
9,cod_SDs22_24,1986,20088
10,cod_SDs22_24,1986,20088
5,cod_SDs22_24,1986,20088
6,cod_SDs22_24,1986,20088
11,cod_SDs22_24,1986,20088
12,cod_SDs22_24,1986,20088
13,cod_SDs22_24,1986,20088
16,cod_SDs22_24,1986,20088
3,cod_SDs22_24,1987,21692
4,cod_SDs22_24,1987,21692
7,cod_SDs22_24,1987,21692
8,cod_SDs22_24,1987,21692
9,cod_SDs22_24,1987,21692
10,cod_SDs22_24,1987,21692
5,cod_SDs22_24,1987,21692
6,cod_SDs22_24,1987,21692
11,cod_SDs22_24,1987,21692
12,cod_SDs22_24,1987,21692
13,cod_SDs22_24,1987,21692
16,cod_SDs22_24,1987,21692
3,cod_SDs22_24,1988,20672
4,cod_SDs22_24,1988,20672
7,cod_SDs22_24,1988,20672
8,cod_SDs22_24,1988,20672
9,cod_SDs22_24,1988,20672
10,cod_SDs22_24,1988,20672
5,cod_SDs22_24,1988,20672
6,cod_SDs22_24,1988,20672
11,cod_SDs22_24,1988,20672
12,cod_SDs22_24,1988,20672
13,cod_SDs22_24,1988,20672
16,cod_SDs22_24,1988,20672
3,cod_SDs22_24,1989,12795
4,cod_SDs22_24,1989,12795
7,cod_SDs22_24,1989,12795
8,cod_SDs22_24,1989,12795
9,cod_SDs22_24,1989,12795
10,cod_SDs22_24,1989,12795
5,cod_SDs22_24,1989,12795
6,cod_SDs22_24,1989,12795
11,cod_SDs22_24,1989,12795
12,cod_SDs22_24,1989,12795
13,cod_SDs22_24,1989,12795
16,cod_SDs22_24,1989,12795
3,cod_SDs22_24,1990,12237
4,cod_SDs22_24,1990,12237
7,cod_SDs22_24,1990,12237
8,cod_SDs22_24,1990,12237
9,cod_SDs22_24,1990,12237
10,cod_SDs22_24,1990,12237
5,cod_SDs22_24,1990,12237
6,cod_SDs22_24,1990,12237
11,cod_SDs22_24,1990,12237
12,cod_SDs22_24,1990,12237
13,cod_SDs22_24,1990,12237
16,cod_SDs22_24,1990,12237
3,cod_SDs22_24,1991,12931
4,cod_SDs22_24,1991,12931
7,cod_SDs22_24,1991,12931
8,cod_SDs22_24,1991,12931
9,cod_SDs22_24,1991,12931
10,cod_SDs22_24,1991,12931
5,cod_SDs22_24,1991,12931
6,cod_SDs22_24,1991,12931
11,cod_SDs22_24,1991,12931
12,cod_SDs22_24,1991,12931
13,cod_SDs22_24,1991,12931
16,cod_SDs22_24,1991,12931
3,cod_SDs22_24,1992,15672
4,cod_SDs22_24,1992,15672
7,cod_SDs22_24,1992,15672
8,cod_SDs22_24,1992,15672
9,cod_SDs22_24,1992,15672
10,cod_SDs22_24,1992,15672
5,cod_SDs22_24,1992,15672
6,cod_SDs22_24,1992,15672
11,cod_SDs22_24,1992,15672
12,cod_SDs22_24,1992,15672
13,cod_SDs22_24,1992,15672
16,cod_SDs22_24,1992,15672
3,cod_SDs22_24,1993,11815
4,cod_SDs22_24,1993,11815
7,cod_SDs22_24,1993,11815
8,cod_SDs22_24,1993,11815
9,cod_SDs22_24,1993,11815
10,cod_SDs22_24,1993,11815
5,cod_SDs22_24,1993,11815
6,cod_SDs22_24,1993,11815
11,cod_SDs22_24,1993,11815
12,cod_SDs22_24,1993,11815
13,cod_SDs22_24,1993,11815
16,cod_SDs22_24,1993,11815
3,cod_SDs22_24,1994,18256
4,cod_SDs22_24,1994,18256
7,cod_SDs22_24,1994,18256
8,cod_SDs22_24,1994,18256
9,cod_SDs22_24,1994,18256
10,cod_SDs22_24,1994,18256
5,cod_SDs22_24,1994,18256
6,cod_SDs22_24,1994,18256
11,cod_SDs22_24,1994,18256
12,cod_SDs22_24,1994,18256
13,cod_SDs22_24,1994,18256
16,cod_SDs22_24,1994,18256
3,cod_SDs22_24,1995,31326
4,cod_SDs22_24,1995,31326
7,cod_SDs22_24,1995,31326
8,cod_SDs22_24,1995,31326
9,cod_SDs22_24,1995,31326
10,cod_SDs22_24,1995,31326
5,cod_SDs22_24,1995,31326
6,cod_SDs22_24,1995,31326
11,cod_SDs22_24,1995,31326
12,cod_SDs22_24,1995,31326
13,cod_SDs22_24,1995,31326
16,cod_SDs22_24,1995,31326
3,cod_SDs22_24,1996,45373
4,cod_SDs22_24,1996,45373
7,cod_SDs22_24,1996,45373
8,cod_SDs22_24,1996,45373
9,cod_SDs22_24,1996,45373
10,cod_SDs22_24,1996,45373
5,cod_SDs22_24,1996,45373
6,cod_SDs22_24,1996,45373
11,cod_SDs22_24,1996,45373
12,cod_SDs22_24,1996,45373
13,cod_SDs22_24,1996,45373
16,cod_SDs22_24,1996,45373
3,cod_SDs22_24,1997,41058
4,cod_SDs22_24,1997,41058
7,cod_SDs22_24,1997,41058
8,cod_SDs22_24,1997,41058
9,cod_SDs22_24,1997,41058
10,cod_SDs22_24,1997,41058
5,cod_SDs22_24,1997,41058
6,cod_SDs22_24,1997,41058
11,cod_SDs22_24,1997,41058
12,cod_SDs22_24,1997,41058
13,cod_SDs22_24,1997,41058
16,cod_SDs22_24,1997,41058
3,cod_SDs22_24,1998,35209
4,cod_SDs22_24,1998,35209
7,cod_SDs22_24,1998,35209
8,cod_SDs22_24,1998,35209
9,cod_SDs22_24,1998,35209
10,cod_SDs22_24,1998,35209
5,cod_SDs22_24,1998,35209
6,cod_SDs22_24,1998,35209
11,cod_SDs22_24,1998,35209
12,cod_SDs22_24,1998,35209
13,cod_SDs22_24,1998,35209
16,cod_SDs22_24,1998,35209
3,cod_SDs22_24,1999,40312
4,cod_SDs22_24,1999,40312
7,cod_SDs22_24,1999,40312
8,cod_SDs22_24,1999,40312
9,cod_SDs22_24,1999,40312
10,cod_SDs22_24,1999,40312
5,cod_SDs22_24,1999,40312
6,cod_SDs22_24,1999,40312
11,cod_SDs22_24,1999,40312
12,cod_SDs22_24,1999,40312
13,cod_SDs22_24,1999,40312
16,cod_SDs22_24,1999,40312
3,cod_SDs22_24,2000,34870
4,cod_SDs22_24,2000,34870
7,cod_SDs22_24,2000,34870
8,cod_SDs22_24,2000,34870
9,cod_SDs22_24,2000,34870
10,cod_SDs22_24,2000,34870
5,cod_SDs22_24,2000,34870
6,cod_SDs22_24,2000,34870
11,cod_SDs22_24,2000,34870
12,cod_SDs22_24,2000,34870
13,cod_SDs22_24,2000,34870
16,cod_SDs22_24,2000,34870
3,cod_SDs22_24,2001,30230
4,cod_SDs22_24,2001,30230
7,cod_SDs22_24,2001,30230
8,cod_SDs22_24,2001,30230
9,cod_SDs22_24,2001,30230
10,cod_SDs22_24,2001,30230
5,cod_SDs22_24,2001,30230
6,cod_SDs22_24,2001,30230
11,cod_SDs22_24,2001,30230
12,cod_SDs22_24,2001,30230
13,cod_SDs22_24,2001,30230
16,cod_SDs22_24,2001,30230
3,cod_SDs22_24,2002,21805
4,cod_SDs22_24,2002,21805
7,cod_SDs22_24,2002,21805
8,cod_SDs22_24,2002,21805
9,cod_SDs22_24,2002,21805
10,cod_SDs22_24,2002,21805
5,cod_SDs22_24,2002,21805
6,cod_SDs22_24,2002,21805
11,cod_SDs22_24,2002,21805
12,cod_SDs22_24,2002,21805
13,cod_SDs22_24,2002,21805
16,cod_SDs22_24,2002,21805
3,cod_SDs22_24,2003,20678
4,cod_SDs22_24,2003,20678
7,cod_SDs22_24,2003,20678
8,cod_SDs22_24,2003,20678
9,cod_SDs22_24,2003,20678
10,cod_SDs22_24,2003,20678
5,cod_SDs22_24,2003,20678
6,cod_SDs22_24,2003,20678
11,cod_SDs22_24,2003,20678
12,cod_SDs22_24,2003,20678
13,cod_SDs22_24,2003,20678
16,cod_SDs22_24,2003,20678
3,cod_SDs22_24,2004,19875
4,cod_SDs22_24,2004,19875
7,cod_SDs22_24,2004,19875
8,cod_SDs22_24,2004,19875
9,cod_SDs22_24,2004,19875
10,cod_SDs22_24,2004,19875
5,cod_SDs22_24,2004,19875
6,cod_SDs22_24,2004,19875
11,cod_SDs22_24,2004,19875
12,cod_SDs22_24,2004,19875
13,cod_SDs22_24,2004,19875
16,cod_SDs22_24,2004,19875
3,cod_SDs22_24,2005,21758
4,cod_SDs22_24,2005,21758
7,cod_SDs22_24,2005,21758
8,cod_SDs22_24,2005,21758
9,cod_SDs22_24,2005,21758
10,cod_SDs22_24,2005,21758
5,cod_SDs22_24,2005,21758
6,cod_SDs22_24,2005,21758
11,cod_SDs22_24,2005,21758
12,cod_SDs22_24,2005,21758
13,cod_SDs22_24,2005,21758
16,cod_SDs22_24,2005,21758
3,cod_SDs22_24,2006,20189
4,cod_SDs22_24,2006,20189
7,cod_SDs22_24,2006,20189
8,cod_SDs22_24,2006,20189
9,cod_SDs22_24,2006,20189
10,cod_SDs22_24,2006,20189
5,cod_SDs22_24,2006,20189
6,cod_SDs22_24,2006,20189
11,cod_SDs22_24,2006,20189
12,cod_SDs22_24,2006,20189
13,cod_SDs22_24,2006,20189
16,cod_SDs22_24,2006,20189
3,cod_SDs22_24,2007,18709
4,cod_SDs22_24,2007,18709
7,cod_SDs22_24,2007,18709
8,cod_SDs22_24,2007,18709
9,cod_SDs22_24,2007,18709
10,cod_SDs22_24,2007,18709
5,cod_SDs22_24,2007,18709
6,cod_SDs22_24,2007,18709
11,cod_SDs22_24,2007,18709
12,cod_SDs22_24,2007,18709
13,cod_SDs22_24,2007,18709
16,cod_SDs22_24,2007,18709
3,cod_SDs22_24,2008,11638
4,cod_SDs22_24,2008,11638
7,cod_SDs22_24,2008,11638
8,cod_SDs22_24,2008,11638
9,cod_SDs22_24,2008,11638
10,cod_SDs22_24,2008,11638
5,cod_SDs22_24,2008,11638
6,cod_SDs22_24,2008,11638
11,cod_SDs22_24,2008,11638
12,cod_SDs22_24,2008,11638
13,cod_SDs22_24,2008,11638
16,cod_SDs22_24,2008,11638
3,cod_SDs22_24,2009,7664
4,cod_SDs22_24,2009,7664
7,cod_SDs22_24,2009,7664
8,cod_SDs22_24,2009,7664
9,cod_SDs22_24,2009,7664
10,cod_SDs22_24,2009,7664
5,cod_SDs22_24,2009,7664
6,cod_SDs22_24,2009,7664
11,cod_SDs22_24,2009,7664
12,cod_SDs22_24,2009,7664
13,cod_SDs22_24,2009,7664
16,cod_SDs22_24,2009,7664
3,cod_SDs22_24,2010,8845
4,cod_SDs22_24,2010,8845
7,cod_SDs22_24,2010,8845
8,cod_SDs22_24,2010,8845
9,cod_SDs22_24,2010,8845
10,cod_SDs22_24,2010,8845
5,cod_SDs22_24,2010,8845
6,cod_SDs22_24,2010,8845
11,cod_SDs22_24,2010,8845
12,cod_SDs22_24,2010,8845
13,cod_SDs22_24,2010,8845
16,cod_SDs22_24,2010,8845
3,cod_SDs22_24,2011,9406
4,cod_SDs22_24,2011,9406
7,cod_SDs22_24,2011,9406
8,cod_SDs22_24,2011,9406
9,cod_SDs22_24,2011,9406
10,cod_SDs22_24,2011,9406
5,cod_SDs22_24,2011,9406
6,cod_SDs22_24,2011,9406
11,cod_SDs22_24,2011,9406
12,cod_SDs22_24,2011,9406
13,cod_SDs22_24,2011,9406
16,cod_SDs22_24,2011,9406
3,cod_SDs22_24,2012,8992
4,cod_SDs22_24,2012,8992
7,cod_SDs22_24,2012,8992
8,cod_SDs22_24,2012,8992
9,cod_SDs22_24,2012,8992
10,cod_SDs22_24,2012,8992
5,cod_SDs22_24,2012,8992
6,cod_SDs22_24,2012,8992
11,cod_SDs22_24,2012,8992
12,cod_SDs22_24,2012,8992
13,cod_SDs22_24,2012,8992
16,cod_SDs22_24,2012,8992
3,cod_SDs22_24,2013,8704
4,cod_SDs22_24,2013,8704
7,cod_SDs22_24,2013,8704
8,cod_SDs22_24,2013,8704
9,cod_SDs22_24,2013,8704
10,cod_SDs22_24,2013,8704
5,cod_SDs22_24,2013,8704
6,cod_SDs22_24,2013,8704
11,cod_SDs22_24,2013,8704
12,cod_SDs22_24,2013,8704
13,cod_SDs22_24,2013,8704
16,cod_SDs22_24,2013,8704
3,cod_SDs22_24,2014,8920
4,cod_SDs22_24,2014,8920
7,cod_SDs22_24,2014,8920
8,cod_SDs22_24,2014,8920
9,cod_SDs22_24,2014,8920
10,cod_SDs22_24,2014,8920
5,cod_SDs22_24,2014,8920
6,cod_SDs22_24,2014,8920
11,cod_SDs22_24,2014,8920
12,cod_SDs22_24,2014,8920
13,cod_SDs22_24,2014,8920
16,cod_SDs22_24,2014,8920
3,cod_SDs22_24,2015,8822
4,cod_SDs22_24,2015,8822
7,cod_SDs22_24,2015,8822
8,cod_SDs22_24,2015,8822
9,cod_SDs22_24,2015,8822
10,cod_SDs22_24,2015,8822
5,cod_SDs22_24,2015,8822
6,cod_SDs22_24,2015,8822
11,cod_SDs22_24,2015,8822
12,cod_SDs22_24,2015,8822
13,cod_SDs22_24,2015,8822
16,cod_SDs22_24,2015,8822
3,cod_SDs22_24,2016,6265
4,cod_SDs22_24,2016,6265
7,cod_SDs22_24,2016,6265
8,cod_SDs22_24,2016,6265
9,cod_SDs22_24,2016,6265
10,cod_SDs22_24,2016,6265
5,cod_SDs22_24,2016,6265
6,cod_SDs22_24,2016,6265
11,cod_SDs22_24,2016,6265
12,cod_SDs22_24,2016,6265
13,cod_SDs22_24,2016,6265
16,cod_SDs22_24,2016,6265
3,cod_SDs22_24,2017,4032
4,cod_SDs22_24,2017,4032
7,cod_SDs22_24,2017,4032
8,cod_SDs22_24,2017,4032
9,cod_SDs22_24,2017,4032
10,cod_SDs22_24,2017,4032
5,cod_SDs22_24,2017,4032
6,cod_SDs22_24,2017,4032
11,cod_SDs22_24,2017,4032
12,cod_SDs22_24,2017,4032
13,cod_SDs22_24,2017,4032
16,cod_SDs22_24,2017,4032
3,cod_SDs22_24,2018,3703
4,cod_SDs22_24,2018,3703
7,cod_SDs22_24,2018,3703
8,cod_SDs22_24,2018,3703
9,cod_SDs22_24,2018,3703
10,cod_SDs22_24,2018,3703
5,cod_SDs22_24,2018,3703
6,cod_SDs22_24,2018,3703
11,cod_SDs22_24,2018,3703
12,cod_SDs22_24,2018,3703
13,cod_SDs22_24,2018,3703
16,cod_SDs22_24,2018,3703
11,cod_SDs24_32,1970,206076
12,cod_SDs24_32,1970,206076
13,cod_SDs24_32,1970,206076
16,cod_SDs24_32,1970,206076
14,cod_SDs24_32,1970,206076
15,cod_SDs24_32,1970,206076
17,cod_SDs24_32,1970,206076
18,cod_SDs24_32,1970,206076
19,cod_SDs24_32,1970,206076
21,cod_SDs24_32,1970,206076
22,cod_SDs24_32,1970,206076
23,cod_SDs24_32,1970,206076
26,cod_SDs24_32,1970,206076
20,cod_SDs24_32,1970,206076
24,cod_SDs24_32,1970,206076
25,cod_SDs24_32,1970,206076
11,cod_SDs24_32,1971,170266
12,cod_SDs24_32,1971,170266
13,cod_SDs24_32,1971,170266
16,cod_SDs24_32,1971,170266
14,cod_SDs24_32,1971,170266
15,cod_SDs24_32,1971,170266
17,cod_SDs24_32,1971,170266
18,cod_SDs24_32,1971,170266
19,cod_SDs24_32,1971,170266
21,cod_SDs24_32,1971,170266
22,cod_SDs24_32,1971,170266
23,cod_SDs24_32,1971,170266
26,cod_SDs24_32,1971,170266
20,cod_SDs24_32,1971,170266
24,cod_SDs24_32,1971,170266
25,cod_SDs24_32,1971,170266
11,cod_SDs24_32,1972,152323
12,cod_SDs24_32,1972,152323
13,cod_SDs24_32,1972,152323
16,cod_SDs24_32,1972,152323
14,cod_SDs24_32,1972,152323
15,cod_SDs24_32,1972,152323
17,cod_SDs24_32,1972,152323
18,cod_SDs24_32,1972,152323
19,cod_SDs24_32,1972,152323
21,cod_SDs24_32,1972,152323
22,cod_SDs24_32,1972,152323
23,cod_SDs24_32,1972,152323
26,cod_SDs24_32,1972,152323
20,cod_SDs24_32,1972,152323
24,cod_SDs24_32,1972,152323
25,cod_SDs24_32,1972,152323
11,cod_SDs24_32,1973,150655
12,cod_SDs24_32,1973,150655
13,cod_SDs24_32,1973,150655
16,cod_SDs24_32,1973,150655
14,cod_SDs24_32,1973,150655
15,cod_SDs24_32,1973,150655
17,cod_SDs24_32,1973,150655
18,cod_SDs24_32,1973,150655
19,cod_SDs24_32,1973,150655
21,cod_SDs24_32,1973,150655
22,cod_SDs24_32,1973,150655
23,cod_SDs24_32,1973,150655
26,cod_SDs24_32,1973,150655
20,cod_SDs24_32,1973,150655
24,cod_SDs24_32,1973,150655
25,cod_SDs24_32,1973,150655
11,cod_SDs24_32,1974,155748
12,cod_SDs24_32,1974,155748
13,cod_SDs24_32,1974,155748
16,cod_SDs24_32,1974,155748
14,cod_SDs24_32,1974,155748
15,cod_SDs24_32,1974,155748
17,cod_SDs24_32,1974,155748
18,cod_SDs24_32,1974,155748
19,cod_SDs24_32,1974,155748
21,cod_SDs24_32,1974,155748
22,cod_SDs24_32,1974,155748
23,cod_SDs24_32,1974,155748
26,cod_SDs24_32,1974,155748
20,cod_SDs24_32,1974,155748
24,cod_SDs24_32,1974,155748
25,cod_SDs24_32,1974,155748
11,cod_SDs24_32,1975,204225
12,cod_SDs24_32,1975,204225
13,cod_SDs24_32,1975,204225
16,cod_SDs24_32,1975,204225
14,cod_SDs24_32,1975,204225
15,cod_SDs24_32,1975,204225
17,cod_SDs24_32,1975,204225
18,cod_SDs24_32,1975,204225
19,cod_SDs24_32,1975,204225
21,cod_SDs24_32,1975,204225
22,cod_SDs24_32,1975,204225
23,cod_SDs24_32,1975,204225
26,cod_SDs24_32,1975,204225
20,cod_SDs24_32,1975,204225
24,cod_SDs24_32,1975,204225
25,cod_SDs24_32,1975,204225
11,cod_SDs24_32,1976,207644
12,cod_SDs24_32,1976,207644
13,cod_SDs24_32,1976,207644
16,cod_SDs24_32,1976,207644
14,cod_SDs24_32,1976,207644
15,cod_SDs24_32,1976,207644
17,cod_SDs24_32,1976,207644
18,cod_SDs24_32,1976,207644
19,cod_SDs24_32,1976,207644
21,cod_SDs24_32,1976,207644
22,cod_SDs24_32,1976,207644
23,cod_SDs24_32,1976,207644
26,cod_SDs24_32,1976,207644
20,cod_SDs24_32,1976,207644
24,cod_SDs24_32,1976,207644
25,cod_SDs24_32,1976,207644
11,cod_SDs24_32,1977,167770
12,cod_SDs24_32,1977,167770
13,cod_SDs24_32,1977,167770
16,cod_SDs24_32,1977,167770
14,cod_SDs24_32,1977,167770
15,cod_SDs24_32,1977,167770
17,cod_SDs24_32,1977,167770
18,cod_SDs24_32,1977,167770
19,cod_SDs24_32,1977,167770
21,cod_SDs24_32,1977,167770
22,cod_SDs24_32,1977,167770
23,cod_SDs24_32,1977,167770
26,cod_SDs24_32,1977,167770
20,cod_SDs24_32,1977,167770
24,cod_SDs24_32,1977,167770
25,cod_SDs24_32,1977,167770
11,cod_SDs24_32,1978,163884
12,cod_SDs24_32,1978,163884
13,cod_SDs24_32,1978,163884
16,cod_SDs24_32,1978,163884
14,cod_SDs24_32,1978,163884
15,cod_SDs24_32,1978,163884
17,cod_SDs24_32,1978,163884
18,cod_SDs24_32,1978,163884
19,cod_SDs24_32,1978,163884
21,cod_SDs24_32,1978,163884
22,cod_SDs24_32,1978,163884
23,cod_SDs24_32,1978,163884
26,cod_SDs24_32,1978,163884
20,cod_SDs24_32,1978,163884
24,cod_SDs24_32,1978,163884
25,cod_SDs24_32,1978,163884
11,cod_SDs24_32,1979,242275
12,cod_SDs24_32,1979,242275
13,cod_SDs24_32,1979,242275
16,cod_SDs24_32,1979,242275
14,cod_SDs24_32,1979,242275
15,cod_SDs24_32,1979,242275
17,cod_SDs24_32,1979,242275
18,cod_SDs24_32,1979,242275
19,cod_SDs24_32,1979,242275
21,cod_SDs24_32,1979,242275
22,cod_SDs24_32,1979,242275
23,cod_SDs24_32,1979,242275
26,cod_SDs24_32,1979,242275
20,cod_SDs24_32,1979,242275
24,cod_SDs24_32,1979,242275
25,cod_SDs24_32,1979,242275
11,cod_SDs24_32,1980,356163
12,cod_SDs24_32,1980,356163
13,cod_SDs24_32,1980,356163
16,cod_SDs24_32,1980,356163
14,cod_SDs24_32,1980,356163
15,cod_SDs24_32,1980,356163
17,cod_SDs24_32,1980,356163
18,cod_SDs24_32,1980,356163
19,cod_SDs24_32,1980,356163
21,cod_SDs24_32,1980,356163
22,cod_SDs24_32,1980,356163
23,cod_SDs24_32,1980,356163
26,cod_SDs24_32,1980,356163
20,cod_SDs24_32,1980,356163
24,cod_SDs24_32,1980,356163
25,cod_SDs24_32,1980,356163
11,cod_SDs24_32,1981,337827
12,cod_SDs24_32,1981,337827
13,cod_SDs24_32,1981,337827
16,cod_SDs24_32,1981,337827
14,cod_SDs24_32,1981,337827
15,cod_SDs24_32,1981,337827
17,cod_SDs24_32,1981,337827
18,cod_SDs24_32,1981,337827
19,cod_SDs24_32,1981,337827
21,cod_SDs24_32,1981,337827
22,cod_SDs24_32,1981,337827
23,cod_SDs24_32,1981,337827
26,cod_SDs24_32,1981,337827
20,cod_SDs24_32,1981,337827
24,cod_SDs24_32,1981,337827
25,cod_SDs24_32,1981,337827
11,cod_SDs24_32,1982,327600
12,cod_SDs24_32,1982,327600
13,cod_SDs24_32,1982,327600
16,cod_SDs24_32,1982,327600
14,cod_SDs24_32,1982,327600
15,cod_SDs24_32,1982,327600
17,cod_SDs24_32,1982,327600
18,cod_SDs24_32,1982,327600
19,cod_SDs24_32,1982,327600
21,cod_SDs24_32,1982,327600
22,cod_SDs24_32,1982,327600
23,cod_SDs24_32,1982,327600
26,cod_SDs24_32,1982,327600
20,cod_SDs24_32,1982,327600
24,cod_SDs24_32,1982,327600
25,cod_SDs24_32,1982,327600
11,cod_SDs24_32,1983,343146
12,cod_SDs24_32,1983,343146
13,cod_SDs24_32,1983,343146
16,cod_SDs24_32,1983,343146
14,cod_SDs24_32,1983,343146
15,cod_SDs24_32,1983,343146
17,cod_SDs24_32,1983,343146
18,cod_SDs24_32,1983,343146
19,cod_SDs24_32,1983,343146
21,cod_SDs24_32,1983,343146
22,cod_SDs24_32,1983,343146
23,cod_SDs24_32,1983,343146
26,cod_SDs24_32,1983,343146
20,cod_SDs24_32,1983,343146
24,cod_SDs24_32,1983,343146
25,cod_SDs24_32,1983,343146
11,cod_SDs24_32,1984,400473
12,cod_SDs24_32,1984,400473
13,cod_SDs24_32,1984,400473
16,cod_SDs24_32,1984,400473
14,cod_SDs24_32,1984,400473
15,cod_SDs24_32,1984,400473
17,cod_SDs24_32,1984,400473
18,cod_SDs24_32,1984,400473
19,cod_SDs24_32,1984,400473
21,cod_SDs24_32,1984,400473
22,cod_SDs24_32,1984,400473
23,cod_SDs24_32,1984,400473
26,cod_SDs24_32,1984,400473
20,cod_SDs24_32,1984,400473
24,cod_SDs24_32,1984,400473
25,cod_SDs24_32,1984,400473
11,cod_SDs24_32,1985,323282
12,cod_SDs24_32,1985,323282
13,cod_SDs24_32,1985,323282
16,cod_SDs24_32,1985,323282
14,cod_SDs24_32,1985,323282
15,cod_SDs24_32,1985,323282
17,cod_SDs24_32,1985,323282
18,cod_SDs24_32,1985,323282
19,cod_SDs24_32,1985,323282
21,cod_SDs24_32,1985,323282
22,cod_SDs24_32,1985,323282
23,cod_SDs24_32,1985,323282
26,cod_SDs24_32,1985,323282
20,cod_SDs24_32,1985,323282
24,cod_SDs24_32,1985,323282
25,cod_SDs24_32,1985,323282
11,cod_SDs24_32,1986,256406
12,cod_SDs24_32,1986,256406
13,cod_SDs24_32,1986,256406
16,cod_SDs24_32,1986,256406
14,cod_SDs24_32,1986,256406
15,cod_SDs24_32,1986,256406
17,cod_SDs24_32,1986,256406
18,cod_SDs24_32,1986,256406
19,cod_SDs24_32,1986,256406
21,cod_SDs24_32,1986,256406
22,cod_SDs24_32,1986,256406
23,cod_SDs24_32,1986,256406
26,cod_SDs24_32,1986,256406
20,cod_SDs24_32,1986,256406
24,cod_SDs24_32,1986,256406
25,cod_SDs24_32,1986,256406
11,cod_SDs24_32,1987,216421
12,cod_SDs24_32,1987,216421
13,cod_SDs24_32,1987,216421
16,cod_SDs24_32,1987,216421
14,cod_SDs24_32,1987,216421
15,cod_SDs24_32,1987,216421
17,cod_SDs24_32,1987,216421
18,cod_SDs24_32,1987,216421
19,cod_SDs24_32,1987,216421
21,cod_SDs24_32,1987,216421
22,cod_SDs24_32,1987,216421
23,cod_SDs24_32,1987,216421
26,cod_SDs24_32,1987,216421
20,cod_SDs24_32,1987,216421
24,cod_SDs24_32,1987,216421
25,cod_SDs24_32,1987,216421
11,cod_SDs24_32,1988,202040
12,cod_SDs24_32,1988,202040
13,cod_SDs24_32,1988,202040
16,cod_SDs24_32,1988,202040
14,cod_SDs24_32,1988,202040
15,cod_SDs24_32,1988,202040
17,cod_SDs24_32,1988,202040
18,cod_SDs24_32,1988,202040
19,cod_SDs24_32,1988,202040
21,cod_SDs24_32,1988,202040
22,cod_SDs24_32,1988,202040
23,cod_SDs24_32,1988,202040
26,cod_SDs24_32,1988,202040
20,cod_SDs24_32,1988,202040
24,cod_SDs24_32,1988,202040
25,cod_SDs24_32,1988,202040
11,cod_SDs24_32,1989,182640
12,cod_SDs24_32,1989,182640
13,cod_SDs24_32,1989,182640
16,cod_SDs24_32,1989,182640
14,cod_SDs24_32,1989,182640
15,cod_SDs24_32,1989,182640
17,cod_SDs24_32,1989,182640
18,cod_SDs24_32,1989,182640
19,cod_SDs24_32,1989,182640
21,cod_SDs24_32,1989,182640
22,cod_SDs24_32,1989,182640
23,cod_SDs24_32,1989,182640
26,cod_SDs24_32,1989,182640
20,cod_SDs24_32,1989,182640
24,cod_SDs24_32,1989,182640
25,cod_SDs24_32,1989,182640
11,cod_SDs24_32,1990,157733
12,cod_SDs24_32,1990,157733
13,cod_SDs24_32,1990,157733
16,cod_SDs24_32,1990,157733
14,cod_SDs24_32,1990,157733
15,cod_SDs24_32,1990,157733
17,cod_SDs24_32,1990,157733
18,cod_SDs24_32,1990,157733
19,cod_SDs24_32,1990,157733
21,cod_SDs24_32,1990,157733
22,cod_SDs24_32,1990,157733
23,cod_SDs24_32,1990,157733
26,cod_SDs24_32,1990,157733
20,cod_SDs24_32,1990,157733
24,cod_SDs24_32,1990,157733
25,cod_SDs24_32,1990,157733
11,cod_SDs24_32,1991,125258
12,cod_SDs24_32,1991,125258
13,cod_SDs24_32,1991,125258
16,cod_SDs24_32,1991,125258
14,cod_SDs24_32,1991,125258
15,cod_SDs24_32,1991,125258
17,cod_SDs24_32,1991,125258
18,cod_SDs24_32,1991,125258
19,cod_SDs24_32,1991,125258
21,cod_SDs24_32,1991,125258
22,cod_SDs24_32,1991,125258
23,cod_SDs24_32,1991,125258
26,cod_SDs24_32,1991,125258
20,cod_SDs24_32,1991,125258
24,cod_SDs24_32,1991,125258
25,cod_SDs24_32,1991,125258
11,cod_SDs24_32,1992,56786
12,cod_SDs24_32,1992,56786
13,cod_SDs24_32,1992,56786
16,cod_SDs24_32,1992,56786
14,cod_SDs24_32,1992,56786
15,cod_SDs24_32,1992,56786
17,cod_SDs24_32,1992,56786
18,cod_SDs24_32,1992,56786
19,cod_SDs24_32,1992,56786
21,cod_SDs24_32,1992,56786
22,cod_SDs24_32,1992,56786
23,cod_SDs24_32,1992,56786
26,cod_SDs24_32,1992,56786
20,cod_SDs24_32,1992,56786
24,cod_SDs24_32,1992,56786
25,cod_SDs24_32,1992,56786
11,cod_SDs24_32,1993,52269
12,cod_SDs24_32,1993,52269
13,cod_SDs24_32,1993,52269
16,cod_SDs24_32,1993,52269
14,cod_SDs24_32,1993,52269
15,cod_SDs24_32,1993,52269
17,cod_SDs24_32,1993,52269
18,cod_SDs24_32,1993,52269
19,cod_SDs24_32,1993,52269
21,cod_SDs24_32,1993,52269
22,cod_SDs24_32,1993,52269
23,cod_SDs24_32,1993,52269
26,cod_SDs24_32,1993,52269
20,cod_SDs24_32,1993,52269
24,cod_SDs24_32,1993,52269
25,cod_SDs24_32,1993,52269
11,cod_SDs24_32,1994,102812
12,cod_SDs24_32,1994,102812
13,cod_SDs24_32,1994,102812
16,cod_SDs24_32,1994,102812
14,cod_SDs24_32,1994,102812
15,cod_SDs24_32,1994,102812
17,cod_SDs24_32,1994,102812
18,cod_SDs24_32,1994,102812
19,cod_SDs24_32,1994,102812
21,cod_SDs24_32,1994,102812
22,cod_SDs24_32,1994,102812
23,cod_SDs24_32,1994,102812
26,cod_SDs24_32,1994,102812
20,cod_SDs24_32,1994,102812
24,cod_SDs24_32,1994,102812
25,cod_SDs24_32,1994,102812
11,cod_SDs24_32,1995,109590
12,cod_SDs24_32,1995,109590
13,cod_SDs24_32,1995,109590
16,cod_SDs24_32,1995,109590
14,cod_SDs24_32,1995,109590
15,cod_SDs24_32,1995,109590
17,cod_SDs24_32,1995,109590
18,cod_SDs24_32,1995,109590
19,cod_SDs24_32,1995,109590
21,cod_SDs24_32,1995,109590
22,cod_SDs24_32,1995,109590
23,cod_SDs24_32,1995,109590
26,cod_SDs24_32,1995,109590
20,cod_SDs24_32,1995,109590
24,cod_SDs24_32,1995,109590
25,cod_SDs24_32,1995,109590
11,cod_SDs24_32,1996,125632
12,cod_SDs24_32,1996,125632
13,cod_SDs24_32,1996,125632
16,cod_SDs24_32,1996,125632
14,cod_SDs24_32,1996,125632
15,cod_SDs24_32,1996,125632
17,cod_SDs24_32,1996,125632
18,cod_SDs24_32,1996,125632
19,cod_SDs24_32,1996,125632
21,cod_SDs24_32,1996,125632
22,cod_SDs24_32,1996,125632
23,cod_SDs24_32,1996,125632
26,cod_SDs24_32,1996,125632
20,cod_SDs24_32,1996,125632
24,cod_SDs24_32,1996,125632
25,cod_SDs24_32,1996,125632
11,cod_SDs24_32,1997,92062
12,cod_SDs24_32,1997,92062
13,cod_SDs24_32,1997,92062
16,cod_SDs24_32,1997,92062
14,cod_SDs24_32,1997,92062
15,cod_SDs24_32,1997,92062
17,cod_SDs24_32,1997,92062
18,cod_SDs24_32,1997,92062
19,cod_SDs24_32,1997,92062
21,cod_SDs24_32,1997,92062
22,cod_SDs24_32,1997,92062
23,cod_SDs24_32,1997,92062
26,cod_SDs24_32,1997,92062
20,cod_SDs24_32,1997,92062
24,cod_SDs24_32,1997,92062
25,cod_SDs24_32,1997,92062
11,cod_SDs24_32,1998,69727
12,cod_SDs24_32,1998,69727
13,cod_SDs24_32,1998,69727
16,cod_SDs24_32,1998,69727
14,cod_SDs24_32,1998,69727
15,cod_SDs24_32,1998,69727
17,cod_SDs24_32,1998,69727
18,cod_SDs24_32,1998,69727
19,cod_SDs24_32,1998,69727
21,cod_SDs24_32,1998,69727
22,cod_SDs24_32,1998,69727
23,cod_SDs24_32,1998,69727
26,cod_SDs24_32,1998,69727
20,cod_SDs24_32,1998,69727
24,cod_SDs24_32,1998,69727
25,cod_SDs24_32,1998,69727
11,cod_SDs24_32,1999,74833
12,cod_SDs24_32,1999,74833
13,cod_SDs24_32,1999,74833
16,cod_SDs24_32,1999,74833
14,cod_SDs24_32,1999,74833
15,cod_SDs24_32,1999,74833
17,cod_SDs24_32,1999,74833
18,cod_SDs24_32,1999,74833
19,cod_SDs24_32,1999,74833
21,cod_SDs24_32,1999,74833
22,cod_SDs24_32,1999,74833
23,cod_SDs24_32,1999,74833
26,cod_SDs24_32,1999,74833
20,cod_SDs24_32,1999,74833
24,cod_SDs24_32,1999,74833
25,cod_SDs24_32,1999,74833
11,cod_SDs24_32,2000,95308
12,cod_SDs24_32,2000,95308
13,cod_SDs24_32,2000,95308
16,cod_SDs24_32,2000,95308
14,cod_SDs24_32,2000,95308
15,cod_SDs24_32,2000,95308
17,cod_SDs24_32,2000,95308
18,cod_SDs24_32,2000,95308
19,cod_SDs24_32,2000,95308
21,cod_SDs24_32,2000,95308
22,cod_SDs24_32,2000,95308
23,cod_SDs24_32,2000,95308
26,cod_SDs24_32,2000,95308
20,cod_SDs24_32,2000,95308
24,cod_SDs24_32,2000,95308
25,cod_SDs24_32,2000,95308
11,cod_SDs24_32,2001,94219
12,cod_SDs24_32,2001,94219
13,cod_SDs24_32,2001,94219
16,cod_SDs24_32,2001,94219
14,cod_SDs24_32,2001,94219
15,cod_SDs24_32,2001,94219
17,cod_SDs24_32,2001,94219
18,cod_SDs24_32,2001,94219
19,cod_SDs24_32,2001,94219
21,cod_SDs24_32,2001,94219
22,cod_SDs24_32,2001,94219
23,cod_SDs24_32,2001,94219
26,cod_SDs24_32,2001,94219
20,cod_SDs24_32,2001,94219
24,cod_SDs24_32,2001,94219
25,cod_SDs24_32,2001,94219
11,cod_SDs24_32,2002,69202
12,cod_SDs24_32,2002,69202
13,cod_SDs24_32,2002,69202
16,cod_SDs24_32,2002,69202
14,cod_SDs24_32,2002,69202
15,cod_SDs24_32,2002,69202
17,cod_SDs24_32,2002,69202
18,cod_SDs24_32,2002,69202
19,cod_SDs24_32,2002,69202
21,cod_SDs24_32,2002,69202
22,cod_SDs24_32,2002,69202
23,cod_SDs24_32,2002,69202
26,cod_SDs24_32,2002,69202
20,cod_SDs24_32,2002,69202
24,cod_SDs24_32,2002,69202
25,cod_SDs24_32,2002,69202
11,cod_SDs24_32,2003,71501
12,cod_SDs24_32,2003,71501
13,cod_SDs24_32,2003,71501
16,cod_SDs24_32,2003,71501
14,cod_SDs24_32,2003,71501
15,cod_SDs24_32,2003,71501
17,cod_SDs24_32,2003,71501
18,cod_SDs24_32,2003,71501
19,cod_SDs24_32,2003,71501
21,cod_SDs24_32,2003,71501
22,cod_SDs24_32,2003,71501
23,cod_SDs24_32,2003,71501
26,cod_SDs24_32,2003,71501
20,cod_SDs24_32,2003,71501
24,cod_SDs24_32,2003,71501
25,cod_SDs24_32,2003,71501
11,cod_SDs24_32,2004,69779
12,cod_SDs24_32,2004,69779
13,cod_SDs24_32,2004,69779
16,cod_SDs24_32,2004,69779
14,cod_SDs24_32,2004,69779
15,cod_SDs24_32,2004,69779
17,cod_SDs24_32,2004,69779
18,cod_SDs24_32,2004,69779
19,cod_SDs24_32,2004,69779
21,cod_SDs24_32,2004,69779
22,cod_SDs24_32,2004,69779
23,cod_SDs24_32,2004,69779
26,cod_SDs24_32,2004,69779
20,cod_SDs24_32,2004,69779
24,cod_SDs24_32,2004,69779
25,cod_SDs24_32,2004,69779
11,cod_SDs24_32,2005,56702
12,cod_SDs24_32,2005,56702
13,cod_SDs24_32,2005,56702
16,cod_SDs24_32,2005,56702
14,cod_SDs24_32,2005,56702
15,cod_SDs24_32,2005,56702
17,cod_SDs24_32,2005,56702
18,cod_SDs24_32,2005,56702
19,cod_SDs24_32,2005,56702
21,cod_SDs24_32,2005,56702
22,cod_SDs24_32,2005,56702
23,cod_SDs24_32,2005,56702
26,cod_SDs24_32,2005,56702
20,cod_SDs24_32,2005,56702
24,cod_SDs24_32,2005,56702
25,cod_SDs24_32,2005,56702
11,cod_SDs24_32,2006,70175
12,cod_SDs24_32,2006,70175
13,cod_SDs24_32,2006,70175
16,cod_SDs24_32,2006,70175
14,cod_SDs24_32,2006,70175
15,cod_SDs24_32,2006,70175
17,cod_SDs24_32,2006,70175
18,cod_SDs24_32,2006,70175
19,cod_SDs24_32,2006,70175
21,cod_SDs24_32,2006,70175
22,cod_SDs24_32,2006,70175
23,cod_SDs24_32,2006,70175
26,cod_SDs24_32,2006,70175
20,cod_SDs24_32,2006,70175
24,cod_SDs24_32,2006,70175
25,cod_SDs24_32,2006,70175
11,cod_SDs24_32,2007,54989
12,cod_SDs24_32,2007,54989
13,cod_SDs24_32,2007,54989
16,cod_SDs24_32,2007,54989
14,cod_SDs24_32,2007,54989
15,cod_SDs24_32,2007,54989
17,cod_SDs24_32,2007,54989
18,cod_SDs24_32,2007,54989
19,cod_SDs24_32,2007,54989
21,cod_SDs24_32,2007,54989
22,cod_SDs24_32,2007,54989
23,cod_SDs24_32,2007,54989
26,cod_SDs24_32,2007,54989
20,cod_SDs24_32,2007,54989
24,cod_SDs24_32,2007,54989
25,cod_SDs24_32,2007,54989
11,cod_SDs24_32,2008,45980
12,cod_SDs24_32,2008,45980
13,cod_SDs24_32,2008,45980
16,cod_SDs24_32,2008,45980
14,cod_SDs24_32,2008,45980
15,cod_SDs24_32,2008,45980
17,cod_SDs24_32,2008,45980
18,cod_SDs24_32,2008,45980
19,cod_SDs24_32,2008,45980
21,cod_SDs24_32,2008,45980
22,cod_SDs24_32,2008,45980
23,cod_SDs24_32,2008,45980
26,cod_SDs24_32,2008,45980
20,cod_SDs24_32,2008,45980
24,cod_SDs24_32,2008,45980
25,cod_SDs24_32,2008,45980
11,cod_SDs24_32,2009,51766
12,cod_SDs24_32,2009,51766
13,cod_SDs24_32,2009,51766
16,cod_SDs24_32,2009,51766
14,cod_SDs24_32,2009,51766
15,cod_SDs24_32,2009,51766
17,cod_SDs24_32,2009,51766
18,cod_SDs24_32,2009,51766
19,cod_SDs24_32,2009,51766
21,cod_SDs24_32,2009,51766
22,cod_SDs24_32,2009,51766
23,cod_SDs24_32,2009,51766
26,cod_SDs24_32,2009,51766
20,cod_SDs24_32,2009,51766
24,cod_SDs24_32,2009,51766
25,cod_SDs24_32,2009,51766
11,cod_SDs24_32,2010,53819
12,cod_SDs24_32,2010,53819
13,cod_SDs24_32,2010,53819
16,cod_SDs24_32,2010,53819
14,cod_SDs24_32,2010,53819
15,cod_SDs24_32,2010,53819
17,cod_SDs24_32,2010,53819
18,cod_SDs24_32,2010,53819
19,cod_SDs24_32,2010,53819
21,cod_SDs24_32,2010,53819
22,cod_SDs24_32,2010,53819
23,cod_SDs24_32,2010,53819
26,cod_SDs24_32,2010,53819
20,cod_SDs24_32,2010,53819
24,cod_SDs24_32,2010,53819
25,cod_SDs24_32,2010,53819
11,cod_SDs24_32,2011,54218
12,cod_SDs24_32,2011,54218
13,cod_SDs24_32,2011,54218
16,cod_SDs24_32,2011,54218
14,cod_SDs24_32,2011,54218
15,cod_SDs24_32,2011,54218
17,cod_SDs24_32,2011,54218
18,cod_SDs24_32,2011,54218
19,cod_SDs24_32,2011,54218
21,cod_SDs24_32,2011,54218
22,cod_SDs24_32,2011,54218
23,cod_SDs24_32,2011,54218
26,cod_SDs24_32,2011,54218
20,cod_SDs24_32,2011,54218
24,cod_SDs24_32,2011,54218
25,cod_SDs24_32,2011,54218
11,cod_SDs24_32,2012,58020
12,cod_SDs24_32,2012,58020
13,cod_SDs24_32,2012,58020
16,cod_SDs24_32,2012,58020
14,cod_SDs24_32,2012,58020
15,cod_SDs24_32,2012,58020
17,cod_SDs24_32,2012,58020
18,cod_SDs24_32,2012,58020
19,cod_SDs24_32,2012,58020
21,cod_SDs24_32,2012,58020
22,cod_SDs24_32,2012,58020
23,cod_SDs24_32,2012,58020
26,cod_SDs24_32,2012,58020
20,cod_SDs24_32,2012,58020
24,cod_SDs24_32,2012,58020
25,cod_SDs24_32,2012,58020
11,cod_SDs24_32,2013,36375
12,cod_SDs24_32,2013,36375
13,cod_SDs24_32,2013,36375
16,cod_SDs24_32,2013,36375
14,cod_SDs24_32,2013,36375
15,cod_SDs24_32,2013,36375
17,cod_SDs24_32,2013,36375
18,cod_SDs24_32,2013,36375
19,cod_SDs24_32,2013,36375
21,cod_SDs24_32,2013,36375
22,cod_SDs24_32,2013,36375
23,cod_SDs24_32,2013,36375
26,cod_SDs24_32,2013,36375
20,cod_SDs24_32,2013,36375
24,cod_SDs24_32,2013,36375
25,cod_SDs24_32,2013,36375
11,cod_SDs24_32,2014,38536
12,cod_SDs24_32,2014,38536
13,cod_SDs24_32,2014,38536
16,cod_SDs24_32,2014,38536
14,cod_SDs24_32,2014,38536
15,cod_SDs24_32,2014,38536
17,cod_SDs24_32,2014,38536
18,cod_SDs24_32,2014,38536
19,cod_SDs24_32,2014,38536
21,cod_SDs24_32,2014,38536
22,cod_SDs24_32,2014,38536
23,cod_SDs24_32,2014,38536
26,cod_SDs24_32,2014,38536
20,cod_SDs24_32,2014,38536
24,cod_SDs24_32,2014,38536
25,cod_SDs24_32,2014,38536
11,cod_SDs24_32,2015,44049
12,cod_SDs24_32,2015,44049
13,cod_SDs24_32,2015,44049
16,cod_SDs24_32,2015,44049
14,cod_SDs24_32,2015,44049
15,cod_SDs24_32,2015,44049
17,cod_SDs24_32,2015,44049
18,cod_SDs24_32,2015,44049
19,cod_SDs24_32,2015,44049
21,cod_SDs24_32,2015,44049
22,cod_SDs24_32,2015,44049
23,cod_SDs24_32,2015,44049
26,cod_SDs24_32,2015,44049
20,cod_SDs24_32,2015,44049
24,cod_SDs24_32,2015,44049
25,cod_SDs24_32,2015,44049
11,cod_SDs24_32,2016,32592
12,cod_SDs24_32,2016,32592
13,cod_SDs24_32,2016,32592
16,cod_SDs24_32,2016,32592
14,cod_SDs24_32,2016,32592
15,cod_SDs24_32,2016,32592
17,cod_SDs24_32,2016,32592
18,cod_SDs24_32,2016,32592
19,cod_SDs24_32,2016,32592
21,cod_SDs24_32,2016,32592
22,cod_SDs24_32,2016,32592
23,cod_SDs24_32,2016,32592
26,cod_SDs24_32,2016,32592
20,cod_SDs24_32,2016,32592
24,cod_SDs24_32,2016,32592
25,cod_SDs24_32,2016,32592
11,cod_SDs24_32,2017,28734
12,cod_SDs24_32,2017,28734
13,cod_SDs24_32,2017,28734
16,cod_SDs24_32,2017,28734
14,cod_SDs24_32,2017,28734
15,cod_SDs24_32,2017,28734
17,cod_SDs24_32,2017,28734
18,cod_SDs24_32,2017,28734
19,cod_SDs24_32,2017,28734
21,cod_SDs24_32,2017,28734
22,cod_SDs24_32,2017,28734
23,cod_SDs24_32,2017,28734
26,cod_SDs24_32,2017,28734
20,cod_SDs24_32,2017,28734
24,cod_SDs24_32,2017,28734
25,cod_SDs24_32,2017,28734
11,cod_SDs24_32,2018,19010
12,cod_SDs24_32,2018,19010
13,cod_SDs24_32,2018,19010
16,cod_SDs24_32,2018,19010
14,cod_SDs24_32,2018,19010
15,cod_SDs24_32,2018,19010
17,cod_SDs24_32,2018,19010
18,cod_SDs24_32,2018,19010
19,cod_SDs24_32,2018,19010
21,cod_SDs24_32,2018,19010
22,cod_SDs24_32,2018,19010
23,cod_SDs24_32,2018,19010
26,cod_SDs24_32,2018,19010
20,cod_SDs24_32,2018,19010
24,cod_SDs24_32,2018,19010
25,cod_SDs24_32,2018,19010
27,herring_SD_28.1,1977,24186
28,herring_SD_28.1,1977,24186
27,herring_SD_28.1,1978,16728
28,herring_SD_28.1,1978,16728
27,herring_SD_28.1,1979,17142
28,herring_SD_28.1,1979,17142
27,herring_SD_28.1,1980,14998
28,herring_SD_28.1,1980,14998
27,herring_SD_28.1,1981,16769
28,herring_SD_28.1,1981,16769
27,herring_SD_28.1,1982,12777
28,herring_SD_28.1,1982,12777
27,herring_SD_28.1,1983,15541
28,herring_SD_28.1,1983,15541
27,herring_SD_28.1,1984,15843
28,herring_SD_28.1,1984,15843
27,herring_SD_28.1,1985,15575
28,herring_SD_28.1,1985,15575
27,herring_SD_28.1,1986,16927
28,herring_SD_28.1,1986,16927
27,herring_SD_28.1,1987,12884
28,herring_SD_28.1,1987,12884
27,herring_SD_28.1,1988,16791
28,herring_SD_28.1,1988,16791
27,herring_SD_28.1,1989,16783
28,herring_SD_28.1,1989,16783
27,herring_SD_28.1,1990,14931
28,herring_SD_28.1,1990,14931
27,herring_SD_28.1,1991,14791
28,herring_SD_28.1,1991,14791
27,herring_SD_28.1,1992,20000
28,herring_SD_28.1,1992,20000
27,herring_SD_28.1,1993,22200
28,herring_SD_28.1,1993,22200
27,herring_SD_28.1,1994,24300
28,herring_SD_28.1,1994,24300
27,herring_SD_28.1,1995,32656
28,herring_SD_28.1,1995,32656
27,herring_SD_28.1,1996,32584
28,herring_SD_28.1,1996,32584
27,herring_SD_28.1,1997,39843
28,herring_SD_28.1,1997,39843
27,herring_SD_28.1,1998,29443
28,herring_SD_28.1,1998,29443
27,herring_SD_28.1,1999,31403
28,herring_SD_28.1,1999,31403
27,herring_SD_28.1,2000,34069
28,herring_SD_28.1,2000,34069
27,herring_SD_28.1,2001,38785
28,herring_SD_28.1,2001,38785
27,herring_SD_28.1,2002,39701
28,herring_SD_28.1,2002,39701
27,herring_SD_28.1,2003,40803
28,herring_SD_28.1,2003,40803
27,herring_SD_28.1,2004,39115
28,herring_SD_28.1,2004,39115
27,herring_SD_28.1,2005,32225
28,herring_SD_28.1,2005,32225
27,herring_SD_28.1,2006,31232
28,herring_SD_28.1,2006,31232
27,herring_SD_28.1,2007,33742
28,herring_SD_28.1,2007,33742
27,herring_SD_28.1,2008,31137
28,herring_SD_28.1,2008,31137
27,herring_SD_28.1,2009,32554
28,herring_SD_28.1,2009,32554
27,herring_SD_28.1,2010,30174
28,herring_SD_28.1,2010,30174
27,herring_SD_28.1,2011,29639
28,herring_SD_28.1,2011,29639
27,herring_SD_28.1,2012,28115
28,herring_SD_28.1,2012,28115
27,herring_SD_28.1,2013,26511
28,herring_SD_28.1,2013,26511
27,herring_SD_28.1,2014,26253
28,herring_SD_28.1,2014,26253
27,herring_SD_28.1,2015,32851
28,herring_SD_28.1,2015,32851
27,herring_SD_28.1,2016,30865
28,herring_SD_28.1,2016,30865
27,herring_SD_28.1,2017,28058
28,herring_SD_28.1,2017,28058
27,herring_SD_28.1,2018,25747
28,herring_SD_28.1,2018,25747
1,herring_SDs20_24,1991,191573
2,herring_SDs20_24,1991,191573
3,herring_SDs20_24,1991,191573
4,herring_SDs20_24,1991,191573
7,herring_SDs20_24,1991,191573
8,herring_SDs20_24,1991,191573
9,herring_SDs20_24,1991,191573
10,herring_SDs20_24,1991,191573
5,herring_SDs20_24,1991,191573
6,herring_SDs20_24,1991,191573
11,herring_SDs20_24,1991,191573
12,herring_SDs20_24,1991,191573
13,herring_SDs20_24,1991,191573
16,herring_SDs20_24,1991,191573
1,herring_SDs20_24,1992,194408
2,herring_SDs20_24,1992,194408
3,herring_SDs20_24,1992,194408
4,herring_SDs20_24,1992,194408
7,herring_SDs20_24,1992,194408
8,herring_SDs20_24,1992,194408
9,herring_SDs20_24,1992,194408
10,herring_SDs20_24,1992,194408
5,herring_SDs20_24,1992,194408
6,herring_SDs20_24,1992,194408
11,herring_SDs20_24,1992,194408
12,herring_SDs20_24,1992,194408
13,herring_SDs20_24,1992,194408
16,herring_SDs20_24,1992,194408
1,herring_SDs20_24,1993,185010
2,herring_SDs20_24,1993,185010
3,herring_SDs20_24,1993,185010
4,herring_SDs20_24,1993,185010
7,herring_SDs20_24,1993,185010
8,herring_SDs20_24,1993,185010
9,herring_SDs20_24,1993,185010
10,herring_SDs20_24,1993,185010
5,herring_SDs20_24,1993,185010
6,herring_SDs20_24,1993,185010
11,herring_SDs20_24,1993,185010
12,herring_SDs20_24,1993,185010
13,herring_SDs20_24,1993,185010
16,herring_SDs20_24,1993,185010
1,herring_SDs20_24,1994,172439
2,herring_SDs20_24,1994,172439
3,herring_SDs20_24,1994,172439
4,herring_SDs20_24,1994,172439
7,herring_SDs20_24,1994,172439
8,herring_SDs20_24,1994,172439
9,herring_SDs20_24,1994,172439
10,herring_SDs20_24,1994,172439
5,herring_SDs20_24,1994,172439
6,herring_SDs20_24,1994,172439
11,herring_SDs20_24,1994,172439
12,herring_SDs20_24,1994,172439
13,herring_SDs20_24,1994,172439
16,herring_SDs20_24,1994,172439
1,herring_SDs20_24,1995,150820
2,herring_SDs20_24,1995,150820
3,herring_SDs20_24,1995,150820
4,herring_SDs20_24,1995,150820
7,herring_SDs20_24,1995,150820
8,herring_SDs20_24,1995,150820
9,herring_SDs20_24,1995,150820
10,herring_SDs20_24,1995,150820
5,herring_SDs20_24,1995,150820
6,herring_SDs20_24,1995,150820
11,herring_SDs20_24,1995,150820
12,herring_SDs20_24,1995,150820
13,herring_SDs20_24,1995,150820
16,herring_SDs20_24,1995,150820
1,herring_SDs20_24,1996,121260
2,herring_SDs20_24,1996,121260
3,herring_SDs20_24,1996,121260
4,herring_SDs20_24,1996,121260
7,herring_SDs20_24,1996,121260
8,herring_SDs20_24,1996,121260
9,herring_SDs20_24,1996,121260
10,herring_SDs20_24,1996,121260
5,herring_SDs20_24,1996,121260
6,herring_SDs20_24,1996,121260
11,herring_SDs20_24,1996,121260
12,herring_SDs20_24,1996,121260
13,herring_SDs20_24,1996,121260
16,herring_SDs20_24,1996,121260
1,herring_SDs20_24,1997,115585
2,herring_SDs20_24,1997,115585
3,herring_SDs20_24,1997,115585
4,herring_SDs20_24,1997,115585
7,herring_SDs20_24,1997,115585
8,herring_SDs20_24,1997,115585
9,herring_SDs20_24,1997,115585
10,herring_SDs20_24,1997,115585
5,herring_SDs20_24,1997,115585
6,herring_SDs20_24,1997,115585
11,herring_SDs20_24,1997,115585
12,herring_SDs20_24,1997,115585
13,herring_SDs20_24,1997,115585
16,herring_SDs20_24,1997,115585
1,herring_SDs20_24,1998,107033
2,herring_SDs20_24,1998,107033
3,herring_SDs20_24,1998,107033
4,herring_SDs20_24,1998,107033
7,herring_SDs20_24,1998,107033
8,herring_SDs20_24,1998,107033
9,herring_SDs20_24,1998,107033
10,herring_SDs20_24,1998,107033
5,herring_SDs20_24,1998,107033
6,herring_SDs20_24,1998,107033
11,herring_SDs20_24,1998,107033
12,herring_SDs20_24,1998,107033
13,herring_SDs20_24,1998,107033
16,herring_SDs20_24,1998,107033
1,herring_SDs20_24,1999,97234
2,herring_SDs20_24,1999,97234
3,herring_SDs20_24,1999,97234
4,herring_SDs20_24,1999,97234
7,herring_SDs20_24,1999,97234
8,herring_SDs20_24,1999,97234
9,herring_SDs20_24,1999,97234
10,herring_SDs20_24,1999,97234
5,herring_SDs20_24,1999,97234
6,herring_SDs20_24,1999,97234
11,herring_SDs20_24,1999,97234
12,herring_SDs20_24,1999,97234
13,herring_SDs20_24,1999,97234
16,herring_SDs20_24,1999,97234
1,herring_SDs20_24,2000,109913
2,herring_SDs20_24,2000,109913
3,herring_SDs20_24,2000,109913
4,herring_SDs20_24,2000,109913
7,herring_SDs20_24,2000,109913
8,herring_SDs20_24,2000,109913
9,herring_SDs20_24,2000,109913
10,herring_SDs20_24,2000,109913
5,herring_SDs20_24,2000,109913
6,herring_SDs20_24,2000,109913
11,herring_SDs20_24,2000,109913
12,herring_SDs20_24,2000,109913
13,herring_SDs20_24,2000,109913
16,herring_SDs20_24,2000,109913
1,herring_SDs20_24,2001,105806
2,herring_SDs20_24,2001,105806
3,herring_SDs20_24,2001,105806
4,herring_SDs20_24,2001,105806
7,herring_SDs20_24,2001,105806
8,herring_SDs20_24,2001,105806
9,herring_SDs20_24,2001,105806
10,herring_SDs20_24,2001,105806
5,herring_SDs20_24,2001,105806
6,herring_SDs20_24,2001,105806
11,herring_SDs20_24,2001,105806
12,herring_SDs20_24,2001,105806
13,herring_SDs20_24,2001,105806
16,herring_SDs20_24,2001,105806
1,herring_SDs20_24,2002,106195
2,herring_SDs20_24,2002,106195
3,herring_SDs20_24,2002,106195
4,herring_SDs20_24,2002,106195
7,herring_SDs20_24,2002,106195
8,herring_SDs20_24,2002,106195
9,herring_SDs20_24,2002,106195
10,herring_SDs20_24,2002,106195
5,herring_SDs20_24,2002,106195
6,herring_SDs20_24,2002,106195
11,herring_SDs20_24,2002,106195
12,herring_SDs20_24,2002,106195
13,herring_SDs20_24,2002,106195
16,herring_SDs20_24,2002,106195
1,herring_SDs20_24,2003,78310
2,herring_SDs20_24,2003,78310
3,herring_SDs20_24,2003,78310
4,herring_SDs20_24,2003,78310
7,herring_SDs20_24,2003,78310
8,herring_SDs20_24,2003,78310
9,herring_SDs20_24,2003,78310
10,herring_SDs20_24,2003,78310
5,herring_SDs20_24,2003,78310
6,herring_SDs20_24,2003,78310
11,herring_SDs20_24,2003,78310
12,herring_SDs20_24,2003,78310
13,herring_SDs20_24,2003,78310
16,herring_SDs20_24,2003,78310
1,herring_SDs20_24,2004,76813
2,herring_SDs20_24,2004,76813
3,herring_SDs20_24,2004,76813
4,herring_SDs20_24,2004,76813
7,herring_SDs20_24,2004,76813
8,herring_SDs20_24,2004,76813
9,herring_SDs20_24,2004,76813
10,herring_SDs20_24,2004,76813
5,herring_SDs20_24,2004,76813
6,herring_SDs20_24,2004,76813
11,herring_SDs20_24,2004,76813
12,herring_SDs20_24,2004,76813
13,herring_SDs20_24,2004,76813
16,herring_SDs20_24,2004,76813
1,herring_SDs20_24,2005,88404
2,herring_SDs20_24,2005,88404
3,herring_SDs20_24,2005,88404
4,herring_SDs20_24,2005,88404
7,herring_SDs20_24,2005,88404
8,herring_SDs20_24,2005,88404
9,herring_SDs20_24,2005,88404
10,herring_SDs20_24,2005,88404
5,herring_SDs20_24,2005,88404
6,herring_SDs20_24,2005,88404
11,herring_SDs20_24,2005,88404
12,herring_SDs20_24,2005,88404
13,herring_SDs20_24,2005,88404
16,herring_SDs20_24,2005,88404
1,herring_SDs20_24,2006,90548
2,herring_SDs20_24,2006,90548
3,herring_SDs20_24,2006,90548
4,herring_SDs20_24,2006,90548
7,herring_SDs20_24,2006,90548
8,herring_SDs20_24,2006,90548
9,herring_SDs20_24,2006,90548
10,herring_SDs20_24,2006,90548
5,herring_SDs20_24,2006,90548
6,herring_SDs20_24,2006,90548
11,herring_SDs20_24,2006,90548
12,herring_SDs20_24,2006,90548
13,herring_SDs20_24,2006,90548
16,herring_SDs20_24,2006,90548
1,herring_SDs20_24,2007,68179
2,herring_SDs20_24,2007,68179
3,herring_SDs20_24,2007,68179
4,herring_SDs20_24,2007,68179
7,herring_SDs20_24,2007,68179
8,herring_SDs20_24,2007,68179
9,herring_SDs20_24,2007,68179
10,herring_SDs20_24,2007,68179
5,herring_SDs20_24,2007,68179
6,herring_SDs20_24,2007,68179
11,herring_SDs20_24,2007,68179
12,herring_SDs20_24,2007,68179
13,herring_SDs20_24,2007,68179
16,herring_SDs20_24,2007,68179
1,herring_SDs20_24,2008,69489
2,herring_SDs20_24,2008,69489
3,herring_SDs20_24,2008,69489
4,herring_SDs20_24,2008,69489
7,herring_SDs20_24,2008,69489
8,herring_SDs20_24,2008,69489
9,herring_SDs20_24,2008,69489
10,herring_SDs20_24,2008,69489
5,herring_SDs20_24,2008,69489
6,herring_SDs20_24,2008,69489
11,herring_SDs20_24,2008,69489
12,herring_SDs20_24,2008,69489
13,herring_SDs20_24,2008,69489
16,herring_SDs20_24,2008,69489
1,herring_SDs20_24,2009,67259
2,herring_SDs20_24,2009,67259
3,herring_SDs20_24,2009,67259
4,herring_SDs20_24,2009,67259
7,herring_SDs20_24,2009,67259
8,herring_SDs20_24,2009,67259
9,herring_SDs20_24,2009,67259
10,herring_SDs20_24,2009,67259
5,herring_SDs20_24,2009,67259
6,herring_SDs20_24,2009,67259
11,herring_SDs20_24,2009,67259
12,herring_SDs20_24,2009,67259
13,herring_SDs20_24,2009,67259
16,herring_SDs20_24,2009,67259
1,herring_SDs20_24,2010,42214
2,herring_SDs20_24,2010,42214
3,herring_SDs20_24,2010,42214
4,herring_SDs20_24,2010,42214
7,herring_SDs20_24,2010,42214
8,herring_SDs20_24,2010,42214
9,herring_SDs20_24,2010,42214
10,herring_SDs20_24,2010,42214
5,herring_SDs20_24,2010,42214
6,herring_SDs20_24,2010,42214
11,herring_SDs20_24,2010,42214
12,herring_SDs20_24,2010,42214
13,herring_SDs20_24,2010,42214
16,herring_SDs20_24,2010,42214
1,herring_SDs20_24,2011,27771
2,herring_SDs20_24,2011,27771
3,herring_SDs20_24,2011,27771
4,herring_SDs20_24,2011,27771
7,herring_SDs20_24,2011,27771
8,herring_SDs20_24,2011,27771
9,herring_SDs20_24,2011,27771
10,herring_SDs20_24,2011,27771
5,herring_SDs20_24,2011,27771
6,herring_SDs20_24,2011,27771
11,herring_SDs20_24,2011,27771
12,herring_SDs20_24,2011,27771
13,herring_SDs20_24,2011,27771
16,herring_SDs20_24,2011,27771
1,herring_SDs20_24,2012,38646
2,herring_SDs20_24,2012,38646
3,herring_SDs20_24,2012,38646
4,herring_SDs20_24,2012,38646
7,herring_SDs20_24,2012,38646
8,herring_SDs20_24,2012,38646
9,herring_SDs20_24,2012,38646
10,herring_SDs20_24,2012,38646
5,herring_SDs20_24,2012,38646
6,herring_SDs20_24,2012,38646
11,herring_SDs20_24,2012,38646
12,herring_SDs20_24,2012,38646
13,herring_SDs20_24,2012,38646
16,herring_SDs20_24,2012,38646
1,herring_SDs20_24,2013,43827
2,herring_SDs20_24,2013,43827
3,herring_SDs20_24,2013,43827
4,herring_SDs20_24,2013,43827
7,herring_SDs20_24,2013,43827
8,herring_SDs20_24,2013,43827
9,herring_SDs20_24,2013,43827
10,herring_SDs20_24,2013,43827
5,herring_SDs20_24,2013,43827
6,herring_SDs20_24,2013,43827
11,herring_SDs20_24,2013,43827
12,herring_SDs20_24,2013,43827
13,herring_SDs20_24,2013,43827
16,herring_SDs20_24,2013,43827
1,herring_SDs20_24,2014,37358
2,herring_SDs20_24,2014,37358
3,herring_SDs20_24,2014,37358
4,herring_SDs20_24,2014,37358
7,herring_SDs20_24,2014,37358
8,herring_SDs20_24,2014,37358
9,herring_SDs20_24,2014,37358
10,herring_SDs20_24,2014,37358
5,herring_SDs20_24,2014,37358
6,herring_SDs20_24,2014,37358
11,herring_SDs20_24,2014,37358
12,herring_SDs20_24,2014,37358
13,herring_SDs20_24,2014,37358
16,herring_SDs20_24,2014,37358
1,herring_SDs20_24,2015,37490
2,herring_SDs20_24,2015,37490
3,herring_SDs20_24,2015,37490
4,herring_SDs20_24,2015,37490
7,herring_SDs20_24,2015,37490
8,herring_SDs20_24,2015,37490
9,herring_SDs20_24,2015,37490
10,herring_SDs20_24,2015,37490
5,herring_SDs20_24,2015,37490
6,herring_SDs20_24,2015,37490
11,herring_SDs20_24,2015,37490
12,herring_SDs20_24,2015,37490
13,herring_SDs20_24,2015,37490
16,herring_SDs20_24,2015,37490
1,herring_SDs20_24,2016,51299
2,herring_SDs20_24,2016,51299
3,herring_SDs20_24,2016,51299
4,herring_SDs20_24,2016,51299
7,herring_SDs20_24,2016,51299
8,herring_SDs20_24,2016,51299
9,herring_SDs20_24,2016,51299
10,herring_SDs20_24,2016,51299
5,herring_SDs20_24,2016,51299
6,herring_SDs20_24,2016,51299
11,herring_SDs20_24,2016,51299
12,herring_SDs20_24,2016,51299
13,herring_SDs20_24,2016,51299
16,herring_SDs20_24,2016,51299
1,herring_SDs20_24,2017,46340
2,herring_SDs20_24,2017,46340
3,herring_SDs20_24,2017,46340
4,herring_SDs20_24,2017,46340
7,herring_SDs20_24,2017,46340
8,herring_SDs20_24,2017,46340
9,herring_SDs20_24,2017,46340
10,herring_SDs20_24,2017,46340
5,herring_SDs20_24,2017,46340
6,herring_SDs20_24,2017,46340
11,herring_SDs20_24,2017,46340
12,herring_SDs20_24,2017,46340
13,herring_SDs20_24,2017,46340
16,herring_SDs20_24,2017,46340
1,herring_SDs20_24,2018,41058
2,herring_SDs20_24,2018,41058
3,herring_SDs20_24,2018,41058
4,herring_SDs20_24,2018,41058
7,herring_SDs20_24,2018,41058
8,herring_SDs20_24,2018,41058
9,herring_SDs20_24,2018,41058
10,herring_SDs20_24,2018,41058
5,herring_SDs20_24,2018,41058
6,herring_SDs20_24,2018,41058
11,herring_SDs20_24,2018,41058
12,herring_SDs20_24,2018,41058
13,herring_SDs20_24,2018,41058
16,herring_SDs20_24,2018,41058
14,herring_SDs25_29_32,1974,368652
15,herring_SDs25_29_32,1974,368652
17,herring_SDs25_29_32,1974,368652
18,herring_SDs25_29_32,1974,368652
19,herring_SDs25_29_32,1974,368652
21,herring_SDs25_29_32,1974,368652
22,herring_SDs25_29_32,1974,368652
23,herring_SDs25_29_32,1974,368652
26,herring_SDs25_29_32,1974,368652
29,herring_SDs25_29_32,1974,368652
30,herring_SDs25_29_32,1974,368652
31,herring_SDs25_29_32,1974,368652
35,herring_SDs25_29_32,1974,368652
36,herring_SDs25_29_32,1974,368652
32,herring_SDs25_29_32,1974,368652
33,herring_SDs25_29_32,1974,368652
34,herring_SDs25_29_32,1974,368652
20,herring_SDs25_29_32,1974,368652
24,herring_SDs25_29_32,1974,368652
25,herring_SDs25_29_32,1974,368652
14,herring_SDs25_29_32,1975,354851
15,herring_SDs25_29_32,1975,354851
17,herring_SDs25_29_32,1975,354851
18,herring_SDs25_29_32,1975,354851
19,herring_SDs25_29_32,1975,354851
21,herring_SDs25_29_32,1975,354851
22,herring_SDs25_29_32,1975,354851
23,herring_SDs25_29_32,1975,354851
26,herring_SDs25_29_32,1975,354851
29,herring_SDs25_29_32,1975,354851
30,herring_SDs25_29_32,1975,354851
31,herring_SDs25_29_32,1975,354851
35,herring_SDs25_29_32,1975,354851
36,herring_SDs25_29_32,1975,354851
32,herring_SDs25_29_32,1975,354851
33,herring_SDs25_29_32,1975,354851
34,herring_SDs25_29_32,1975,354851
20,herring_SDs25_29_32,1975,354851
24,herring_SDs25_29_32,1975,354851
25,herring_SDs25_29_32,1975,354851
14,herring_SDs25_29_32,1976,305420
15,herring_SDs25_29_32,1976,305420
17,herring_SDs25_29_32,1976,305420
18,herring_SDs25_29_32,1976,305420
19,herring_SDs25_29_32,1976,305420
21,herring_SDs25_29_32,1976,305420
22,herring_SDs25_29_32,1976,305420
23,herring_SDs25_29_32,1976,305420
26,herring_SDs25_29_32,1976,305420
29,herring_SDs25_29_32,1976,305420
30,herring_SDs25_29_32,1976,305420
31,herring_SDs25_29_32,1976,305420
35,herring_SDs25_29_32,1976,305420
36,herring_SDs25_29_32,1976,305420
32,herring_SDs25_29_32,1976,305420
33,herring_SDs25_29_32,1976,305420
34,herring_SDs25_29_32,1976,305420
20,herring_SDs25_29_32,1976,305420
24,herring_SDs25_29_32,1976,305420
25,herring_SDs25_29_32,1976,305420
14,herring_SDs25_29_32,1977,301952
15,herring_SDs25_29_32,1977,301952
17,herring_SDs25_29_32,1977,301952
18,herring_SDs25_29_32,1977,301952
19,herring_SDs25_29_32,1977,301952
21,herring_SDs25_29_32,1977,301952
22,herring_SDs25_29_32,1977,301952
23,herring_SDs25_29_32,1977,301952
26,herring_SDs25_29_32,1977,301952
29,herring_SDs25_29_32,1977,301952
30,herring_SDs25_29_32,1977,301952
31,herring_SDs25_29_32,1977,301952
35,herring_SDs25_29_32,1977,301952
36,herring_SDs25_29_32,1977,301952
32,herring_SDs25_29_32,1977,301952
33,herring_SDs25_29_32,1977,301952
34,herring_SDs25_29_32,1977,301952
20,herring_SDs25_29_32,1977,301952
24,herring_SDs25_29_32,1977,301952
25,herring_SDs25_29_32,1977,301952
14,herring_SDs25_29_32,1978,278966
15,herring_SDs25_29_32,1978,278966
17,herring_SDs25_29_32,1978,278966
18,herring_SDs25_29_32,1978,278966
19,herring_SDs25_29_32,1978,278966
21,herring_SDs25_29_32,1978,278966
22,herring_SDs25_29_32,1978,278966
23,herring_SDs25_29_32,1978,278966
26,herring_SDs25_29_32,1978,278966
29,herring_SDs25_29_32,1978,278966
30,herring_SDs25_29_32,1978,278966
31,herring_SDs25_29_32,1978,278966
35,herring_SDs25_29_32,1978,278966
36,herring_SDs25_29_32,1978,278966
32,herring_SDs25_29_32,1978,278966
33,herring_SDs25_29_32,1978,278966
34,herring_SDs25_29_32,1978,278966
20,herring_SDs25_29_32,1978,278966
24,herring_SDs25_29_32,1978,278966
25,herring_SDs25_29_32,1978,278966
14,herring_SDs25_29_32,1979,278182
15,herring_SDs25_29_32,1979,278182
17,herring_SDs25_29_32,1979,278182
18,herring_SDs25_29_32,1979,278182
19,herring_SDs25_29_32,1979,278182
21,herring_SDs25_29_32,1979,278182
22,herring_SDs25_29_32,1979,278182
23,herring_SDs25_29_32,1979,278182
26,herring_SDs25_29_32,1979,278182
29,herring_SDs25_29_32,1979,278182
30,herring_SDs25_29_32,1979,278182
31,herring_SDs25_29_32,1979,278182
35,herring_SDs25_29_32,1979,278182
36,herring_SDs25_29_32,1979,278182
32,herring_SDs25_29_32,1979,278182
33,herring_SDs25_29_32,1979,278182
34,herring_SDs25_29_32,1979,278182
20,herring_SDs25_29_32,1979,278182
24,herring_SDs25_29_32,1979,278182
25,herring_SDs25_29_32,1979,278182
14,herring_SDs25_29_32,1980,270282
15,herring_SDs25_29_32,1980,270282
17,herring_SDs25_29_32,1980,270282
18,herring_SDs25_29_32,1980,270282
19,herring_SDs25_29_32,1980,270282
21,herring_SDs25_29_32,1980,270282
22,herring_SDs25_29_32,1980,270282
23,herring_SDs25_29_32,1980,270282
26,herring_SDs25_29_32,1980,270282
29,herring_SDs25_29_32,1980,270282
30,herring_SDs25_29_32,1980,270282
31,herring_SDs25_29_32,1980,270282
35,herring_SDs25_29_32,1980,270282
36,herring_SDs25_29_32,1980,270282
32,herring_SDs25_29_32,1980,270282
33,herring_SDs25_29_32,1980,270282
34,herring_SDs25_29_32,1980,270282
20,herring_SDs25_29_32,1980,270282
24,herring_SDs25_29_32,1980,270282
25,herring_SDs25_29_32,1980,270282
14,herring_SDs25_29_32,1981,293615
15,herring_SDs25_29_32,1981,293615
17,herring_SDs25_29_32,1981,293615
18,herring_SDs25_29_32,1981,293615
19,herring_SDs25_29_32,1981,293615
21,herring_SDs25_29_32,1981,293615
22,herring_SDs25_29_32,1981,293615
23,herring_SDs25_29_32,1981,293615
26,herring_SDs25_29_32,1981,293615
29,herring_SDs25_29_32,1981,293615
30,herring_SDs25_29_32,1981,293615
31,herring_SDs25_29_32,1981,293615
35,herring_SDs25_29_32,1981,293615
36,herring_SDs25_29_32,1981,293615
32,herring_SDs25_29_32,1981,293615
33,herring_SDs25_29_32,1981,293615
34,herring_SDs25_29_32,1981,293615
20,herring_SDs25_29_32,1981,293615
24,herring_SDs25_29_32,1981,293615
25,herring_SDs25_29_32,1981,293615
14,herring_SDs25_29_32,1982,273134
15,herring_SDs25_29_32,1982,273134
17,herring_SDs25_29_32,1982,273134
18,herring_SDs25_29_32,1982,273134
19,herring_SDs25_29_32,1982,273134
21,herring_SDs25_29_32,1982,273134
22,herring_SDs25_29_32,1982,273134
23,herring_SDs25_29_32,1982,273134
26,herring_SDs25_29_32,1982,273134
29,herring_SDs25_29_32,1982,273134
30,herring_SDs25_29_32,1982,273134
31,herring_SDs25_29_32,1982,273134
35,herring_SDs25_29_32,1982,273134
36,herring_SDs25_29_32,1982,273134
32,herring_SDs25_29_32,1982,273134
33,herring_SDs25_29_32,1982,273134
34,herring_SDs25_29_32,1982,273134
20,herring_SDs25_29_32,1982,273134
24,herring_SDs25_29_32,1982,273134
25,herring_SDs25_29_32,1982,273134
14,herring_SDs25_29_32,1983,307601
15,herring_SDs25_29_32,1983,307601
17,herring_SDs25_29_32,1983,307601
18,herring_SDs25_29_32,1983,307601
19,herring_SDs25_29_32,1983,307601
21,herring_SDs25_29_32,1983,307601
22,herring_SDs25_29_32,1983,307601
23,herring_SDs25_29_32,1983,307601
26,herring_SDs25_29_32,1983,307601
29,herring_SDs25_29_32,1983,307601
30,herring_SDs25_29_32,1983,307601
31,herring_SDs25_29_32,1983,307601
35,herring_SDs25_29_32,1983,307601
36,herring_SDs25_29_32,1983,307601
32,herring_SDs25_29_32,1983,307601
33,herring_SDs25_29_32,1983,307601
34,herring_SDs25_29_32,1983,307601
20,herring_SDs25_29_32,1983,307601
24,herring_SDs25_29_32,1983,307601
25,herring_SDs25_29_32,1983,307601
14,herring_SDs25_29_32,1984,277926
15,herring_SDs25_29_32,1984,277926
17,herring_SDs25_29_32,1984,277926
18,herring_SDs25_29_32,1984,277926
19,herring_SDs25_29_32,1984,277926
21,herring_SDs25_29_32,1984,277926
22,herring_SDs25_29_32,1984,277926
23,herring_SDs25_29_32,1984,277926
26,herring_SDs25_29_32,1984,277926
29,herring_SDs25_29_32,1984,277926
30,herring_SDs25_29_32,1984,277926
31,herring_SDs25_29_32,1984,277926
35,herring_SDs25_29_32,1984,277926
36,herring_SDs25_29_32,1984,277926
32,herring_SDs25_29_32,1984,277926
33,herring_SDs25_29_32,1984,277926
34,herring_SDs25_29_32,1984,277926
20,herring_SDs25_29_32,1984,277926
24,herring_SDs25_29_32,1984,277926
25,herring_SDs25_29_32,1984,277926
14,herring_SDs25_29_32,1985,275760
15,herring_SDs25_29_32,1985,275760
17,herring_SDs25_29_32,1985,275760
18,herring_SDs25_29_32,1985,275760
19,herring_SDs25_29_32,1985,275760
21,herring_SDs25_29_32,1985,275760
22,herring_SDs25_29_32,1985,275760
23,herring_SDs25_29_32,1985,275760
26,herring_SDs25_29_32,1985,275760
29,herring_SDs25_29_32,1985,275760
30,herring_SDs25_29_32,1985,275760
31,herring_SDs25_29_32,1985,275760
35,herring_SDs25_29_32,1985,275760
36,herring_SDs25_29_32,1985,275760
32,herring_SDs25_29_32,1985,275760
33,herring_SDs25_29_32,1985,275760
34,herring_SDs25_29_32,1985,275760
20,herring_SDs25_29_32,1985,275760
24,herring_SDs25_29_32,1985,275760
25,herring_SDs25_29_32,1985,275760
14,herring_SDs25_29_32,1986,240516
15,herring_SDs25_29_32,1986,240516
17,herring_SDs25_29_32,1986,240516
18,herring_SDs25_29_32,1986,240516
19,herring_SDs25_29_32,1986,240516
21,herring_SDs25_29_32,1986,240516
22,herring_SDs25_29_32,1986,240516
23,herring_SDs25_29_32,1986,240516
26,herring_SDs25_29_32,1986,240516
29,herring_SDs25_29_32,1986,240516
30,herring_SDs25_29_32,1986,240516
31,herring_SDs25_29_32,1986,240516
35,herring_SDs25_29_32,1986,240516
36,herring_SDs25_29_32,1986,240516
32,herring_SDs25_29_32,1986,240516
33,herring_SDs25_29_32,1986,240516
34,herring_SDs25_29_32,1986,240516
20,herring_SDs25_29_32,1986,240516
24,herring_SDs25_29_32,1986,240516
25,herring_SDs25_29_32,1986,240516
14,herring_SDs25_29_32,1987,248653
15,herring_SDs25_29_32,1987,248653
17,herring_SDs25_29_32,1987,248653
18,herring_SDs25_29_32,1987,248653
19,herring_SDs25_29_32,1987,248653
21,herring_SDs25_29_32,1987,248653
22,herring_SDs25_29_32,1987,248653
23,herring_SDs25_29_32,1987,248653
26,herring_SDs25_29_32,1987,248653
29,herring_SDs25_29_32,1987,248653
30,herring_SDs25_29_32,1987,248653
31,herring_SDs25_29_32,1987,248653
35,herring_SDs25_29_32,1987,248653
36,herring_SDs25_29_32,1987,248653
32,herring_SDs25_29_32,1987,248653
33,herring_SDs25_29_32,1987,248653
34,herring_SDs25_29_32,1987,248653
20,herring_SDs25_29_32,1987,248653
24,herring_SDs25_29_32,1987,248653
25,herring_SDs25_29_32,1987,248653
14,herring_SDs25_29_32,1988,255734
15,herring_SDs25_29_32,1988,255734
17,herring_SDs25_29_32,1988,255734
18,herring_SDs25_29_32,1988,255734
19,herring_SDs25_29_32,1988,255734
21,herring_SDs25_29_32,1988,255734
22,herring_SDs25_29_32,1988,255734
23,herring_SDs25_29_32,1988,255734
26,herring_SDs25_29_32,1988,255734
29,herring_SDs25_29_32,1988,255734
30,herring_SDs25_29_32,1988,255734
31,herring_SDs25_29_32,1988,255734
35,herring_SDs25_29_32,1988,255734
36,herring_SDs25_29_32,1988,255734
32,herring_SDs25_29_32,1988,255734
33,herring_SDs25_29_32,1988,255734
34,herring_SDs25_29_32,1988,255734
20,herring_SDs25_29_32,1988,255734
24,herring_SDs25_29_32,1988,255734
25,herring_SDs25_29_32,1988,255734
14,herring_SDs25_29_32,1989,275501
15,herring_SDs25_29_32,1989,275501
17,herring_SDs25_29_32,1989,275501
18,herring_SDs25_29_32,1989,275501
19,herring_SDs25_29_32,1989,275501
21,herring_SDs25_29_32,1989,275501
22,herring_SDs25_29_32,1989,275501
23,herring_SDs25_29_32,1989,275501
26,herring_SDs25_29_32,1989,275501
29,herring_SDs25_29_32,1989,275501
30,herring_SDs25_29_32,1989,275501
31,herring_SDs25_29_32,1989,275501
35,herring_SDs25_29_32,1989,275501
36,herring_SDs25_29_32,1989,275501
32,herring_SDs25_29_32,1989,275501
33,herring_SDs25_29_32,1989,275501
34,herring_SDs25_29_32,1989,275501
20,herring_SDs25_29_32,1989,275501
24,herring_SDs25_29_32,1989,275501
25,herring_SDs25_29_32,1989,275501
14,herring_SDs25_29_32,1990,228572
15,herring_SDs25_29_32,1990,228572
17,herring_SDs25_29_32,1990,228572
18,herring_SDs25_29_32,1990,228572
19,herring_SDs25_29_32,1990,228572
21,herring_SDs25_29_32,1990,228572
22,herring_SDs25_29_32,1990,228572
23,herring_SDs25_29_32,1990,228572
26,herring_SDs25_29_32,1990,228572
29,herring_SDs25_29_32,1990,228572
30,herring_SDs25_29_32,1990,228572
31,herring_SDs25_29_32,1990,228572
35,herring_SDs25_29_32,1990,228572
36,herring_SDs25_29_32,1990,228572
32,herring_SDs25_29_32,1990,228572
33,herring_SDs25_29_32,1990,228572
34,herring_SDs25_29_32,1990,228572
20,herring_SDs25_29_32,1990,228572
24,herring_SDs25_29_32,1990,228572
25,herring_SDs25_29_32,1990,228572
14,herring_SDs25_29_32,1991,197676
15,herring_SDs25_29_32,1991,197676
17,herring_SDs25_29_32,1991,197676
18,herring_SDs25_29_32,1991,197676
19,herring_SDs25_29_32,1991,197676
21,herring_SDs25_29_32,1991,197676
22,herring_SDs25_29_32,1991,197676
23,herring_SDs25_29_32,1991,197676
26,herring_SDs25_29_32,1991,197676
29,herring_SDs25_29_32,1991,197676
30,herring_SDs25_29_32,1991,197676
31,herring_SDs25_29_32,1991,197676
35,herring_SDs25_29_32,1991,197676
36,herring_SDs25_29_32,1991,197676
32,herring_SDs25_29_32,1991,197676
33,herring_SDs25_29_32,1991,197676
34,herring_SDs25_29_32,1991,197676
20,herring_SDs25_29_32,1991,197676
24,herring_SDs25_29_32,1991,197676
25,herring_SDs25_29_32,1991,197676
14,herring_SDs25_29_32,1992,189781
15,herring_SDs25_29_32,1992,189781
17,herring_SDs25_29_32,1992,189781
18,herring_SDs25_29_32,1992,189781
19,herring_SDs25_29_32,1992,189781
21,herring_SDs25_29_32,1992,189781
22,herring_SDs25_29_32,1992,189781
23,herring_SDs25_29_32,1992,189781
26,herring_SDs25_29_32,1992,189781
29,herring_SDs25_29_32,1992,189781
30,herring_SDs25_29_32,1992,189781
31,herring_SDs25_29_32,1992,189781
35,herring_SDs25_29_32,1992,189781
36,herring_SDs25_29_32,1992,189781
32,herring_SDs25_29_32,1992,189781
33,herring_SDs25_29_32,1992,189781
34,herring_SDs25_29_32,1992,189781
20,herring_SDs25_29_32,1992,189781
24,herring_SDs25_29_32,1992,189781
25,herring_SDs25_29_32,1992,189781
14,herring_SDs25_29_32,1993,209094
15,herring_SDs25_29_32,1993,209094
17,herring_SDs25_29_32,1993,209094
18,herring_SDs25_29_32,1993,209094
19,herring_SDs25_29_32,1993,209094
21,herring_SDs25_29_32,1993,209094
22,herring_SDs25_29_32,1993,209094
23,herring_SDs25_29_32,1993,209094
26,herring_SDs25_29_32,1993,209094
29,herring_SDs25_29_32,1993,209094
30,herring_SDs25_29_32,1993,209094
31,herring_SDs25_29_32,1993,209094
35,herring_SDs25_29_32,1993,209094
36,herring_SDs25_29_32,1993,209094
32,herring_SDs25_29_32,1993,209094
33,herring_SDs25_29_32,1993,209094
34,herring_SDs25_29_32,1993,209094
20,herring_SDs25_29_32,1993,209094
24,herring_SDs25_29_32,1993,209094
25,herring_SDs25_29_32,1993,209094
14,herring_SDs25_29_32,1994,218260
15,herring_SDs25_29_32,1994,218260
17,herring_SDs25_29_32,1994,218260
18,herring_SDs25_29_32,1994,218260
19,herring_SDs25_29_32,1994,218260
21,herring_SDs25_29_32,1994,218260
22,herring_SDs25_29_32,1994,218260
23,herring_SDs25_29_32,1994,218260
26,herring_SDs25_29_32,1994,218260
29,herring_SDs25_29_32,1994,218260
30,herring_SDs25_29_32,1994,218260
31,herring_SDs25_29_32,1994,218260
35,herring_SDs25_29_32,1994,218260
36,herring_SDs25_29_32,1994,218260
32,herring_SDs25_29_32,1994,218260
33,herring_SDs25_29_32,1994,218260
34,herring_SDs25_29_32,1994,218260
20,herring_SDs25_29_32,1994,218260
24,herring_SDs25_29_32,1994,218260
25,herring_SDs25_29_32,1994,218260
14,herring_SDs25_29_32,1995,188181
15,herring_SDs25_29_32,1995,188181
17,herring_SDs25_29_32,1995,188181
18,herring_SDs25_29_32,1995,188181
19,herring_SDs25_29_32,1995,188181
21,herring_SDs25_29_32,1995,188181
22,herring_SDs25_29_32,1995,188181
23,herring_SDs25_29_32,1995,188181
26,herring_SDs25_29_32,1995,188181
29,herring_SDs25_29_32,1995,188181
30,herring_SDs25_29_32,1995,188181
31,herring_SDs25_29_32,1995,188181
35,herring_SDs25_29_32,1995,188181
36,herring_SDs25_29_32,1995,188181
32,herring_SDs25_29_32,1995,188181
33,herring_SDs25_29_32,1995,188181
34,herring_SDs25_29_32,1995,188181
20,herring_SDs25_29_32,1995,188181
24,herring_SDs25_29_32,1995,188181
25,herring_SDs25_29_32,1995,188181
14,herring_SDs25_29_32,1996,162578
15,herring_SDs25_29_32,1996,162578
17,herring_SDs25_29_32,1996,162578
18,herring_SDs25_29_32,1996,162578
19,herring_SDs25_29_32,1996,162578
21,herring_SDs25_29_32,1996,162578
22,herring_SDs25_29_32,1996,162578
23,herring_SDs25_29_32,1996,162578
26,herring_SDs25_29_32,1996,162578
29,herring_SDs25_29_32,1996,162578
30,herring_SDs25_29_32,1996,162578
31,herring_SDs25_29_32,1996,162578
35,herring_SDs25_29_32,1996,162578
36,herring_SDs25_29_32,1996,162578
32,herring_SDs25_29_32,1996,162578
33,herring_SDs25_29_32,1996,162578
34,herring_SDs25_29_32,1996,162578
20,herring_SDs25_29_32,1996,162578
24,herring_SDs25_29_32,1996,162578
25,herring_SDs25_29_32,1996,162578
14,herring_SDs25_29_32,1997,160002
15,herring_SDs25_29_32,1997,160002
17,herring_SDs25_29_32,1997,160002
18,herring_SDs25_29_32,1997,160002
19,herring_SDs25_29_32,1997,160002
21,herring_SDs25_29_32,1997,160002
22,herring_SDs25_29_32,1997,160002
23,herring_SDs25_29_32,1997,160002
26,herring_SDs25_29_32,1997,160002
29,herring_SDs25_29_32,1997,160002
30,herring_SDs25_29_32,1997,160002
31,herring_SDs25_29_32,1997,160002
35,herring_SDs25_29_32,1997,160002
36,herring_SDs25_29_32,1997,160002
32,herring_SDs25_29_32,1997,160002
33,herring_SDs25_29_32,1997,160002
34,herring_SDs25_29_32,1997,160002
20,herring_SDs25_29_32,1997,160002
24,herring_SDs25_29_32,1997,160002
25,herring_SDs25_29_32,1997,160002
14,herring_SDs25_29_32,1998,185780
15,herring_SDs25_29_32,1998,185780
17,herring_SDs25_29_32,1998,185780
18,herring_SDs25_29_32,1998,185780
19,herring_SDs25_29_32,1998,185780
21,herring_SDs25_29_32,1998,185780
22,herring_SDs25_29_32,1998,185780
23,herring_SDs25_29_32,1998,185780
26,herring_SDs25_29_32,1998,185780
29,herring_SDs25_29_32,1998,185780
30,herring_SDs25_29_32,1998,185780
31,herring_SDs25_29_32,1998,185780
35,herring_SDs25_29_32,1998,185780
36,herring_SDs25_29_32,1998,185780
32,herring_SDs25_29_32,1998,185780
33,herring_SDs25_29_32,1998,185780
34,herring_SDs25_29_32,1998,185780
20,herring_SDs25_29_32,1998,185780
24,herring_SDs25_29_32,1998,185780
25,herring_SDs25_29_32,1998,185780
14,herring_SDs25_29_32,1999,145922
15,herring_SDs25_29_32,1999,145922
17,herring_SDs25_29_32,1999,145922
18,herring_SDs25_29_32,1999,145922
19,herring_SDs25_29_32,1999,145922
21,herring_SDs25_29_32,1999,145922
22,herring_SDs25_29_32,1999,145922
23,herring_SDs25_29_32,1999,145922
26,herring_SDs25_29_32,1999,145922
29,herring_SDs25_29_32,1999,145922
30,herring_SDs25_29_32,1999,145922
31,herring_SDs25_29_32,1999,145922
35,herring_SDs25_29_32,1999,145922
36,herring_SDs25_29_32,1999,145922
32,herring_SDs25_29_32,1999,145922
33,herring_SDs25_29_32,1999,145922
34,herring_SDs25_29_32,1999,145922
20,herring_SDs25_29_32,1999,145922
24,herring_SDs25_29_32,1999,145922
25,herring_SDs25_29_32,1999,145922
14,herring_SDs25_29_32,2000,175646
15,herring_SDs25_29_32,2000,175646
17,herring_SDs25_29_32,2000,175646
18,herring_SDs25_29_32,2000,175646
19,herring_SDs25_29_32,2000,175646
21,herring_SDs25_29_32,2000,175646
22,herring_SDs25_29_32,2000,175646
23,herring_SDs25_29_32,2000,175646
26,herring_SDs25_29_32,2000,175646
29,herring_SDs25_29_32,2000,175646
30,herring_SDs25_29_32,2000,175646
31,herring_SDs25_29_32,2000,175646
35,herring_SDs25_29_32,2000,175646
36,herring_SDs25_29_32,2000,175646
32,herring_SDs25_29_32,2000,175646
33,herring_SDs25_29_32,2000,175646
34,herring_SDs25_29_32,2000,175646
20,herring_SDs25_29_32,2000,175646
24,herring_SDs25_29_32,2000,175646
25,herring_SDs25_29_32,2000,175646
14,herring_SDs25_29_32,2001,148404
15,herring_SDs25_29_32,2001,148404
17,herring_SDs25_29_32,2001,148404
18,herring_SDs25_29_32,2001,148404
19,herring_SDs25_29_32,2001,148404
21,herring_SDs25_29_32,2001,148404
22,herring_SDs25_29_32,2001,148404
23,herring_SDs25_29_32,2001,148404
26,herring_SDs25_29_32,2001,148404
29,herring_SDs25_29_32,2001,148404
30,herring_SDs25_29_32,2001,148404
31,herring_SDs25_29_32,2001,148404
35,herring_SDs25_29_32,2001,148404
36,herring_SDs25_29_32,2001,148404
32,herring_SDs25_29_32,2001,148404
33,herring_SDs25_29_32,2001,148404
34,herring_SDs25_29_32,2001,148404
20,herring_SDs25_29_32,2001,148404
24,herring_SDs25_29_32,2001,148404
25,herring_SDs25_29_32,2001,148404
14,herring_SDs25_29_32,2002,129222
15,herring_SDs25_29_32,2002,129222
17,herring_SDs25_29_32,2002,129222
18,herring_SDs25_29_32,2002,129222
19,herring_SDs25_29_32,2002,129222
21,herring_SDs25_29_32,2002,129222
22,herring_SDs25_29_32,2002,129222
23,herring_SDs25_29_32,2002,129222
26,herring_SDs25_29_32,2002,129222
29,herring_SDs25_29_32,2002,129222
30,herring_SDs25_29_32,2002,129222
31,herring_SDs25_29_32,2002,129222
35,herring_SDs25_29_32,2002,129222
36,herring_SDs25_29_32,2002,129222
32,herring_SDs25_29_32,2002,129222
33,herring_SDs25_29_32,2002,129222
34,herring_SDs25_29_32,2002,129222
20,herring_SDs25_29_32,2002,129222
24,herring_SDs25_29_32,2002,129222
25,herring_SDs25_29_32,2002,129222
14,herring_SDs25_29_32,2003,113584
15,herring_SDs25_29_32,2003,113584
17,herring_SDs25_29_32,2003,113584
18,herring_SDs25_29_32,2003,113584
19,herring_SDs25_29_32,2003,113584
21,herring_SDs25_29_32,2003,113584
22,herring_SDs25_29_32,2003,113584
23,herring_SDs25_29_32,2003,113584
26,herring_SDs25_29_32,2003,113584
29,herring_SDs25_29_32,2003,113584
30,herring_SDs25_29_32,2003,113584
31,herring_SDs25_29_32,2003,113584
35,herring_SDs25_29_32,2003,113584
36,herring_SDs25_29_32,2003,113584
32,herring_SDs25_29_32,2003,113584
33,herring_SDs25_29_32,2003,113584
34,herring_SDs25_29_32,2003,113584
20,herring_SDs25_29_32,2003,113584
24,herring_SDs25_29_32,2003,113584
25,herring_SDs25_29_32,2003,113584
14,herring_SDs25_29_32,2004,93006
15,herring_SDs25_29_32,2004,93006
17,herring_SDs25_29_32,2004,93006
18,herring_SDs25_29_32,2004,93006
19,herring_SDs25_29_32,2004,93006
21,herring_SDs25_29_32,2004,93006
22,herring_SDs25_29_32,2004,93006
23,herring_SDs25_29_32,2004,93006
26,herring_SDs25_29_32,2004,93006
29,herring_SDs25_29_32,2004,93006
30,herring_SDs25_29_32,2004,93006
31,herring_SDs25_29_32,2004,93006
35,herring_SDs25_29_32,2004,93006
36,herring_SDs25_29_32,2004,93006
32,herring_SDs25_29_32,2004,93006
33,herring_SDs25_29_32,2004,93006
34,herring_SDs25_29_32,2004,93006
20,herring_SDs25_29_32,2004,93006
24,herring_SDs25_29_32,2004,93006
25,herring_SDs25_29_32,2004,93006
14,herring_SDs25_29_32,2005,91592
15,herring_SDs25_29_32,2005,91592
17,herring_SDs25_29_32,2005,91592
18,herring_SDs25_29_32,2005,91592
19,herring_SDs25_29_32,2005,91592
21,herring_SDs25_29_32,2005,91592
22,herring_SDs25_29_32,2005,91592
23,herring_SDs25_29_32,2005,91592
26,herring_SDs25_29_32,2005,91592
29,herring_SDs25_29_32,2005,91592
30,herring_SDs25_29_32,2005,91592
31,herring_SDs25_29_32,2005,91592
35,herring_SDs25_29_32,2005,91592
36,herring_SDs25_29_32,2005,91592
32,herring_SDs25_29_32,2005,91592
33,herring_SDs25_29_32,2005,91592
34,herring_SDs25_29_32,2005,91592
20,herring_SDs25_29_32,2005,91592
24,herring_SDs25_29_32,2005,91592
25,herring_SDs25_29_32,2005,91592
14,herring_SDs25_29_32,2006,110372
15,herring_SDs25_29_32,2006,110372
17,herring_SDs25_29_32,2006,110372
18,herring_SDs25_29_32,2006,110372
19,herring_SDs25_29_32,2006,110372
21,herring_SDs25_29_32,2006,110372
22,herring_SDs25_29_32,2006,110372
23,herring_SDs25_29_32,2006,110372
26,herring_SDs25_29_32,2006,110372
29,herring_SDs25_29_32,2006,110372
30,herring_SDs25_29_32,2006,110372
31,herring_SDs25_29_32,2006,110372
35,herring_SDs25_29_32,2006,110372
36,herring_SDs25_29_32,2006,110372
32,herring_SDs25_29_32,2006,110372
33,herring_SDs25_29_32,2006,110372
34,herring_SDs25_29_32,2006,110372
20,herring_SDs25_29_32,2006,110372
24,herring_SDs25_29_32,2006,110372
25,herring_SDs25_29_32,2006,110372
14,herring_SDs25_29_32,2007,116030
15,herring_SDs25_29_32,2007,116030
17,herring_SDs25_29_32,2007,116030
18,herring_SDs25_29_32,2007,116030
19,herring_SDs25_29_32,2007,116030
21,herring_SDs25_29_32,2007,116030
22,herring_SDs25_29_32,2007,116030
23,herring_SDs25_29_32,2007,116030
26,herring_SDs25_29_32,2007,116030
29,herring_SDs25_29_32,2007,116030
30,herring_SDs25_29_32,2007,116030
31,herring_SDs25_29_32,2007,116030
35,herring_SDs25_29_32,2007,116030
36,herring_SDs25_29_32,2007,116030
32,herring_SDs25_29_32,2007,116030
33,herring_SDs25_29_32,2007,116030
34,herring_SDs25_29_32,2007,116030
20,herring_SDs25_29_32,2007,116030
24,herring_SDs25_29_32,2007,116030
25,herring_SDs25_29_32,2007,116030
14,herring_SDs25_29_32,2008,126155
15,herring_SDs25_29_32,2008,126155
17,herring_SDs25_29_32,2008,126155
18,herring_SDs25_29_32,2008,126155
19,herring_SDs25_29_32,2008,126155
21,herring_SDs25_29_32,2008,126155
22,herring_SDs25_29_32,2008,126155
23,herring_SDs25_29_32,2008,126155
26,herring_SDs25_29_32,2008,126155
29,herring_SDs25_29_32,2008,126155
30,herring_SDs25_29_32,2008,126155
31,herring_SDs25_29_32,2008,126155
35,herring_SDs25_29_32,2008,126155
36,herring_SDs25_29_32,2008,126155
32,herring_SDs25_29_32,2008,126155
33,herring_SDs25_29_32,2008,126155
34,herring_SDs25_29_32,2008,126155
20,herring_SDs25_29_32,2008,126155
24,herring_SDs25_29_32,2008,126155
25,herring_SDs25_29_32,2008,126155
14,herring_SDs25_29_32,2009,134127
15,herring_SDs25_29_32,2009,134127
17,herring_SDs25_29_32,2009,134127
18,herring_SDs25_29_32,2009,134127
19,herring_SDs25_29_32,2009,134127
21,herring_SDs25_29_32,2009,134127
22,herring_SDs25_29_32,2009,134127
23,herring_SDs25_29_32,2009,134127
26,herring_SDs25_29_32,2009,134127
29,herring_SDs25_29_32,2009,134127
30,herring_SDs25_29_32,2009,134127
31,herring_SDs25_29_32,2009,134127
35,herring_SDs25_29_32,2009,134127
36,herring_SDs25_29_32,2009,134127
32,herring_SDs25_29_32,2009,134127
33,herring_SDs25_29_32,2009,134127
34,herring_SDs25_29_32,2009,134127
20,herring_SDs25_29_32,2009,134127
24,herring_SDs25_29_32,2009,134127
25,herring_SDs25_29_32,2009,134127
14,herring_SDs25_29_32,2010,136706
15,herring_SDs25_29_32,2010,136706
17,herring_SDs25_29_32,2010,136706
18,herring_SDs25_29_32,2010,136706
19,herring_SDs25_29_32,2010,136706
21,herring_SDs25_29_32,2010,136706
22,herring_SDs25_29_32,2010,136706
23,herring_SDs25_29_32,2010,136706
26,herring_SDs25_29_32,2010,136706
29,herring_SDs25_29_32,2010,136706
30,herring_SDs25_29_32,2010,136706
31,herring_SDs25_29_32,2010,136706
35,herring_SDs25_29_32,2010,136706
36,herring_SDs25_29_32,2010,136706
32,herring_SDs25_29_32,2010,136706
33,herring_SDs25_29_32,2010,136706
34,herring_SDs25_29_32,2010,136706
20,herring_SDs25_29_32,2010,136706
24,herring_SDs25_29_32,2010,136706
25,herring_SDs25_29_32,2010,136706
14,herring_SDs25_29_32,2011,116785
15,herring_SDs25_29_32,2011,116785
17,herring_SDs25_29_32,2011,116785
18,herring_SDs25_29_32,2011,116785
19,herring_SDs25_29_32,2011,116785
21,herring_SDs25_29_32,2011,116785
22,herring_SDs25_29_32,2011,116785
23,herring_SDs25_29_32,2011,116785
26,herring_SDs25_29_32,2011,116785
29,herring_SDs25_29_32,2011,116785
30,herring_SDs25_29_32,2011,116785
31,herring_SDs25_29_32,2011,116785
35,herring_SDs25_29_32,2011,116785
36,herring_SDs25_29_32,2011,116785
32,herring_SDs25_29_32,2011,116785
33,herring_SDs25_29_32,2011,116785
34,herring_SDs25_29_32,2011,116785
20,herring_SDs25_29_32,2011,116785
24,herring_SDs25_29_32,2011,116785
25,herring_SDs25_29_32,2011,116785
14,herring_SDs25_29_32,2012,100893
15,herring_SDs25_29_32,2012,100893
17,herring_SDs25_29_32,2012,100893
18,herring_SDs25_29_32,2012,100893
19,herring_SDs25_29_32,2012,100893
21,herring_SDs25_29_32,2012,100893
22,herring_SDs25_29_32,2012,100893
23,herring_SDs25_29_32,2012,100893
26,herring_SDs25_29_32,2012,100893
29,herring_SDs25_29_32,2012,100893
30,herring_SDs25_29_32,2012,100893
31,herring_SDs25_29_32,2012,100893
35,herring_SDs25_29_32,2012,100893
36,herring_SDs25_29_32,2012,100893
32,herring_SDs25_29_32,2012,100893
33,herring_SDs25_29_32,2012,100893
34,herring_SDs25_29_32,2012,100893
20,herring_SDs25_29_32,2012,100893
24,herring_SDs25_29_32,2012,100893
25,herring_SDs25_29_32,2012,100893
14,herring_SDs25_29_32,2013,100954
15,herring_SDs25_29_32,2013,100954
17,herring_SDs25_29_32,2013,100954
18,herring_SDs25_29_32,2013,100954
19,herring_SDs25_29_32,2013,100954
21,herring_SDs25_29_32,2013,100954
22,herring_SDs25_29_32,2013,100954
23,herring_SDs25_29_32,2013,100954
26,herring_SDs25_29_32,2013,100954
29,herring_SDs25_29_32,2013,100954
30,herring_SDs25_29_32,2013,100954
31,herring_SDs25_29_32,2013,100954
35,herring_SDs25_29_32,2013,100954
36,herring_SDs25_29_32,2013,100954
32,herring_SDs25_29_32,2013,100954
33,herring_SDs25_29_32,2013,100954
34,herring_SDs25_29_32,2013,100954
20,herring_SDs25_29_32,2013,100954
24,herring_SDs25_29_32,2013,100954
25,herring_SDs25_29_32,2013,100954
14,herring_SDs25_29_32,2014,132700
15,herring_SDs25_29_32,2014,132700
17,herring_SDs25_29_32,2014,132700
18,herring_SDs25_29_32,2014,132700
19,herring_SDs25_29_32,2014,132700
21,herring_SDs25_29_32,2014,132700
22,herring_SDs25_29_32,2014,132700
23,herring_SDs25_29_32,2014,132700
26,herring_SDs25_29_32,2014,132700
29,herring_SDs25_29_32,2014,132700
30,herring_SDs25_29_32,2014,132700
31,herring_SDs25_29_32,2014,132700
35,herring_SDs25_29_32,2014,132700
36,herring_SDs25_29_32,2014,132700
32,herring_SDs25_29_32,2014,132700
33,herring_SDs25_29_32,2014,132700
34,herring_SDs25_29_32,2014,132700
20,herring_SDs25_29_32,2014,132700
24,herring_SDs25_29_32,2014,132700
25,herring_SDs25_29_32,2014,132700
14,herring_SDs25_29_32,2015,174433
15,herring_SDs25_29_32,2015,174433
17,herring_SDs25_29_32,2015,174433
18,herring_SDs25_29_32,2015,174433
19,herring_SDs25_29_32,2015,174433
21,herring_SDs25_29_32,2015,174433
22,herring_SDs25_29_32,2015,174433
23,herring_SDs25_29_32,2015,174433
26,herring_SDs25_29_32,2015,174433
29,herring_SDs25_29_32,2015,174433
30,herring_SDs25_29_32,2015,174433
31,herring_SDs25_29_32,2015,174433
35,herring_SDs25_29_32,2015,174433
36,herring_SDs25_29_32,2015,174433
32,herring_SDs25_29_32,2015,174433
33,herring_SDs25_29_32,2015,174433
34,herring_SDs25_29_32,2015,174433
20,herring_SDs25_29_32,2015,174433
24,herring_SDs25_29_32,2015,174433
25,herring_SDs25_29_32,2015,174433
14,herring_SDs25_29_32,2016,192056
15,herring_SDs25_29_32,2016,192056
17,herring_SDs25_29_32,2016,192056
18,herring_SDs25_29_32,2016,192056
19,herring_SDs25_29_32,2016,192056
21,herring_SDs25_29_32,2016,192056
22,herring_SDs25_29_32,2016,192056
23,herring_SDs25_29_32,2016,192056
26,herring_SDs25_29_32,2016,192056
29,herring_SDs25_29_32,2016,192056
30,herring_SDs25_29_32,2016,192056
31,herring_SDs25_29_32,2016,192056
35,herring_SDs25_29_32,2016,192056
36,herring_SDs25_29_32,2016,192056
32,herring_SDs25_29_32,2016,192056
33,herring_SDs25_29_32,2016,192056
34,herring_SDs25_29_32,2016,192056
20,herring_SDs25_29_32,2016,192056
24,herring_SDs25_29_32,2016,192056
25,herring_SDs25_29_32,2016,192056
14,herring_SDs25_29_32,2017,202517
15,herring_SDs25_29_32,2017,202517
17,herring_SDs25_29_32,2017,202517
18,herring_SDs25_29_32,2017,202517
19,herring_SDs25_29_32,2017,202517
21,herring_SDs25_29_32,2017,202517
22,herring_SDs25_29_32,2017,202517
23,herring_SDs25_29_32,2017,202517
26,herring_SDs25_29_32,2017,202517
29,herring_SDs25_29_32,2017,202517
30,herring_SDs25_29_32,2017,202517
31,herring_SDs25_29_32,2017,202517
35,herring_SDs25_29_32,2017,202517
36,herring_SDs25_29_32,2017,202517
32,herring_SDs25_29_32,2017,202517
33,herring_SDs25_29_32,2017,202517
34,herring_SDs25_29_32,2017,202517
20,herring_SDs25_29_32,2017,202517
24,herring_SDs25_29_32,2017,202517
25,herring_SDs25_29_32,2017,202517
14,herring_SDs25_29_32,2018,244365
15,herring_SDs25_29_32,2018,244365
17,herring_SDs25_29_32,2018,244365
18,herring_SDs25_29_32,2018,244365
19,herring_SDs25_29_32,2018,244365
21,herring_SDs25_29_32,2018,244365
22,herring_SDs25_29_32,2018,244365
23,herring_SDs25_29_32,2018,244365
26,herring_SDs25_29_32,2018,244365
29,herring_SDs25_29_32,2018,244365
30,herring_SDs25_29_32,2018,244365
31,herring_SDs25_29_32,2018,244365
35,herring_SDs25_29_32,2018,244365
36,herring_SDs25_29_32,2018,244365
32,herring_SDs25_29_32,2018,244365
33,herring_SDs25_29_32,2018,244365
34,herring_SDs25_29_32,2018,244365
20,herring_SDs25_29_32,2018,244365
24,herring_SDs25_29_32,2018,244365
25,herring_SDs25_29_32,2018,244365
37,herring_SDs30_31,1980,29809
38,herring_SDs30_31,1980,29809
40,herring_SDs30_31,1980,29809
39,herring_SDs30_31,1980,29809
41,herring_SDs30_31,1980,29809
42,herring_SDs30_31,1980,29809
37,herring_SDs30_31,1981,21526
38,herring_SDs30_31,1981,21526
40,herring_SDs30_31,1981,21526
39,herring_SDs30_31,1981,21526
41,herring_SDs30_31,1981,21526
42,herring_SDs30_31,1981,21526
37,herring_SDs30_31,1982,26499
38,herring_SDs30_31,1982,26499
40,herring_SDs30_31,1982,26499
39,herring_SDs30_31,1982,26499
41,herring_SDs30_31,1982,26499
42,herring_SDs30_31,1982,26499
37,herring_SDs30_31,1983,26208
38,herring_SDs30_31,1983,26208
40,herring_SDs30_31,1983,26208
39,herring_SDs30_31,1983,26208
41,herring_SDs30_31,1983,26208
42,herring_SDs30_31,1983,26208
37,herring_SDs30_31,1984,34545
38,herring_SDs30_31,1984,34545
40,herring_SDs30_31,1984,34545
39,herring_SDs30_31,1984,34545
41,herring_SDs30_31,1984,34545
42,herring_SDs30_31,1984,34545
37,herring_SDs30_31,1985,35432
38,herring_SDs30_31,1985,35432
40,herring_SDs30_31,1985,35432
39,herring_SDs30_31,1985,35432
41,herring_SDs30_31,1985,35432
42,herring_SDs30_31,1985,35432
37,herring_SDs30_31,1986,35579
38,herring_SDs30_31,1986,35579
40,herring_SDs30_31,1986,35579
39,herring_SDs30_31,1986,35579
41,herring_SDs30_31,1986,35579
42,herring_SDs30_31,1986,35579
37,herring_SDs30_31,1987,32628
38,herring_SDs30_31,1987,32628
40,herring_SDs30_31,1987,32628
39,herring_SDs30_31,1987,32628
41,herring_SDs30_31,1987,32628
42,herring_SDs30_31,1987,32628
37,herring_SDs30_31,1988,36418
38,herring_SDs30_31,1988,36418
40,herring_SDs30_31,1988,36418
39,herring_SDs30_31,1988,36418
41,herring_SDs30_31,1988,36418
42,herring_SDs30_31,1988,36418
37,herring_SDs30_31,1989,33086
38,herring_SDs30_31,1989,33086
40,herring_SDs30_31,1989,33086
39,herring_SDs30_31,1989,33086
41,herring_SDs30_31,1989,33086
42,herring_SDs30_31,1989,33086
37,herring_SDs30_31,1990,39180
38,herring_SDs30_31,1990,39180
40,herring_SDs30_31,1990,39180
39,herring_SDs30_31,1990,39180
41,herring_SDs30_31,1990,39180
42,herring_SDs30_31,1990,39180
37,herring_SDs30_31,1991,33419
38,herring_SDs30_31,1991,33419
40,herring_SDs30_31,1991,33419
39,herring_SDs30_31,1991,33419
41,herring_SDs30_31,1991,33419
42,herring_SDs30_31,1991,33419
37,herring_SDs30_31,1992,46610
38,herring_SDs30_31,1992,46610
40,herring_SDs30_31,1992,46610
39,herring_SDs30_31,1992,46610
41,herring_SDs30_31,1992,46610
42,herring_SDs30_31,1992,46610
37,herring_SDs30_31,1993,49314
38,herring_SDs30_31,1993,49314
40,herring_SDs30_31,1993,49314
39,herring_SDs30_31,1993,49314
41,herring_SDs30_31,1993,49314
42,herring_SDs30_31,1993,49314
37,herring_SDs30_31,1994,61986
38,herring_SDs30_31,1994,61986
40,herring_SDs30_31,1994,61986
39,herring_SDs30_31,1994,61986
41,herring_SDs30_31,1994,61986
42,herring_SDs30_31,1994,61986
37,herring_SDs30_31,1995,65547
38,herring_SDs30_31,1995,65547
40,herring_SDs30_31,1995,65547
39,herring_SDs30_31,1995,65547
41,herring_SDs30_31,1995,65547
42,herring_SDs30_31,1995,65547
37,herring_SDs30_31,1996,61303
38,herring_SDs30_31,1996,61303
40,herring_SDs30_31,1996,61303
39,herring_SDs30_31,1996,61303
41,herring_SDs30_31,1996,61303
42,herring_SDs30_31,1996,61303
37,herring_SDs30_31,1997,69808
38,herring_SDs30_31,1997,69808
40,herring_SDs30_31,1997,69808
39,herring_SDs30_31,1997,69808
41,herring_SDs30_31,1997,69808
42,herring_SDs30_31,1997,69808
37,herring_SDs30_31,1998,62474
38,herring_SDs30_31,1998,62474
40,herring_SDs30_31,1998,62474
39,herring_SDs30_31,1998,62474
41,herring_SDs30_31,1998,62474
42,herring_SDs30_31,1998,62474
37,herring_SDs30_31,1999,66502
38,herring_SDs30_31,1999,66502
40,herring_SDs30_31,1999,66502
39,herring_SDs30_31,1999,66502
41,herring_SDs30_31,1999,66502
42,herring_SDs30_31,1999,66502
37,herring_SDs30_31,2000,58852
38,herring_SDs30_31,2000,58852
40,herring_SDs30_31,2000,58852
39,herring_SDs30_31,2000,58852
41,herring_SDs30_31,2000,58852
42,herring_SDs30_31,2000,58852
37,herring_SDs30_31,2001,57806
38,herring_SDs30_31,2001,57806
40,herring_SDs30_31,2001,57806
39,herring_SDs30_31,2001,57806
41,herring_SDs30_31,2001,57806
42,herring_SDs30_31,2001,57806
37,herring_SDs30_31,2002,53969
38,herring_SDs30_31,2002,53969
40,herring_SDs30_31,2002,53969
39,herring_SDs30_31,2002,53969
41,herring_SDs30_31,2002,53969
42,herring_SDs30_31,2002,53969
37,herring_SDs30_31,2003,53644
38,herring_SDs30_31,2003,53644
40,herring_SDs30_31,2003,53644
39,herring_SDs30_31,2003,53644
41,herring_SDs30_31,2003,53644
42,herring_SDs30_31,2003,53644
37,herring_SDs30_31,2004,61423
38,herring_SDs30_31,2004,61423
40,herring_SDs30_31,2004,61423
39,herring_SDs30_31,2004,61423
41,herring_SDs30_31,2004,61423
42,herring_SDs30_31,2004,61423
37,herring_SDs30_31,2005,62911
38,herring_SDs30_31,2005,62911
40,herring_SDs30_31,2005,62911
39,herring_SDs30_31,2005,62911
41,herring_SDs30_31,2005,62911
42,herring_SDs30_31,2005,62911
37,herring_SDs30_31,2006,71318
38,herring_SDs30_31,2006,71318
40,herring_SDs30_31,2006,71318
39,herring_SDs30_31,2006,71318
41,herring_SDs30_31,2006,71318
42,herring_SDs30_31,2006,71318
37,herring_SDs30_31,2007,78678
38,herring_SDs30_31,2007,78678
40,herring_SDs30_31,2007,78678
39,herring_SDs30_31,2007,78678
41,herring_SDs30_31,2007,78678
42,herring_SDs30_31,2007,78678
37,herring_SDs30_31,2008,67914
38,herring_SDs30_31,2008,67914
40,herring_SDs30_31,2008,67914
39,herring_SDs30_31,2008,67914
41,herring_SDs30_31,2008,67914
42,herring_SDs30_31,2008,67914
37,herring_SDs30_31,2009,71248
38,herring_SDs30_31,2009,71248
40,herring_SDs30_31,2009,71248
39,herring_SDs30_31,2009,71248
41,herring_SDs30_31,2009,71248
42,herring_SDs30_31,2009,71248
37,herring_SDs30_31,2010,72590
38,herring_SDs30_31,2010,72590
40,herring_SDs30_31,2010,72590
39,herring_SDs30_31,2010,72590
41,herring_SDs30_31,2010,72590
42,herring_SDs30_31,2010,72590
37,herring_SDs30_31,2011,81850
38,herring_SDs30_31,2011,81850
40,herring_SDs30_31,2011,81850
39,herring_SDs30_31,2011,81850
41,herring_SDs30_31,2011,81850
42,herring_SDs30_31,2011,81850
37,herring_SDs30_31,2012,106007
38,herring_SDs30_31,2012,106007
40,herring_SDs30_31,2012,106007
39,herring_SDs30_31,2012,106007
41,herring_SDs30_31,2012,106007
42,herring_SDs30_31,2012,106007
37,herring_SDs30_31,2013,114396
38,herring_SDs30_31,2013,114396
40,herring_SDs30_31,2013,114396
39,herring_SDs30_31,2013,114396
41,herring_SDs30_31,2013,114396
42,herring_SDs30_31,2013,114396
37,herring_SDs30_31,2014,115366
38,herring_SDs30_31,2014,115366
40,herring_SDs30_31,2014,115366
39,herring_SDs30_31,2014,115366
41,herring_SDs30_31,2014,115366
42,herring_SDs30_31,2014,115366
37,herring_SDs30_31,2015,114942
38,herring_SDs30_31,2015,114942
40,herring_SDs30_31,2015,114942
39,herring_SDs30_31,2015,114942
41,herring_SDs30_31,2015,114942
42,herring_SDs30_31,2015,114942
37,herring_SDs30_31,2016,130029
38,herring_SDs30_31,2016,130029
40,herring_SDs30_31,2016,130029
39,herring_SDs30_31,2016,130029
41,herring_SDs30_31,2016,130029
42,herring_SDs30_31,2016,130029
37,herring_SDs30_31,2017,104358
38,herring_SDs30_31,2017,104358
40,herring_SDs30_31,2017,104358
39,herring_SDs30_31,2017,104358
41,herring_SDs30_31,2017,104358
42,herring_SDs30_31,2017,104358
37,herring_SDs30_31,2018,97366
38,herring_SDs30_31,2018,97366
40,herring_SDs30_31,2018,97366
39,herring_SDs30_31,2018,97366
41,herring_SDs30_31,2018,97366
42,herring_SDs30_31,2018,97366
